Daily Time Spent on Site,Age,Area Income,Daily Internet Usage,Ad Topic Line,City,Male,Country,Timestamp,Clicked on Ad
72.45,61,52989.74,148.56,Ad Topic 0,City 0,1,Country 0,2024-01-01 00:00:00,1
62.93,66,55220.32,124.76,Ad Topic 1,City 1,1,Country 1,2024-01-01 01:00:00,1
74.72,57,43226.53,192.15,Ad Topic 2,City 2,1,Country 2,2024-01-01 02:00:00,0
87.85,28,64724.21,208.86,Ad Topic 3,City 3,1,Country 3,2024-01-01 03:00:00,1
61.49,20,53185.78,170.77,Ad Topic 4,City 4,0,Country 4,2024-01-01 04:00:00,1
61.49,23,61292.99,238.13,Ad Topic 5,City 5,1,Country 5,2024-01-01 05:00:00,1
88.69,26,41687.62,126.46,Ad Topic 6,City 6,0,Country 6,2024-01-01 06:00:00,0
76.51,23,48438.13,207.72,Ad Topic 7,City 7,0,Country 7,2024-01-01 07:00:00,1
57.96,26,65835.72,155.77,Ad Topic 8,City 8,0,Country 8,2024-01-01 08:00:00,0
73.14,56,49407.5,248.78,Ad Topic 9,City 9,1,Country 9,2024-01-01 09:00:00,0
58.05,48,80904.46,259.7,Ad Topic 10,City 10,0,Country 0,2024-01-01 10:00:00,0
58.01,49,49005.46,149.33,Ad Topic 11,City 11,0,Country 1,2024-01-01 11:00:00,1
68.63,58,58370.27,158.02,Ad Topic 12,City 12,0,Country 2,2024-01-01 12:00:00,1
36.3,67,68988.86,214.38,Ad Topic 13,City 13,0,Country 3,2024-01-01 13:00:00,1
39.13,29,33724.51,164.51,Ad Topic 14,City 14,1,Country 4,2024-01-01 14:00:00,1
56.57,25,28587.87,178.18,Ad Topic 15,City 15,1,Country 5,2024-01-01 15:00:00,1
49.81,25,32115.16,181.02,Ad Topic 16,City 16,0,Country 6,2024-01-01 16:00:00,0
69.71,67,73938.76,103.21,Ad Topic 17,City 17,0,Country 7,2024-01-01 17:00:00,0
51.38,45,46722.13,179.45,Ad Topic 18,City 18,1,Country 8,2024-01-01 18:00:00,0
43.82,37,93372.99,152.41,Ad Topic 19,City 19,1,Country 9,2024-01-01 19:00:00,1
86.98,64,46536.29,160.28,Ad Topic 20,City 20,1,Country 0,2024-01-01 20:00:00,0
61.61,24,57768.27,237.75,Ad Topic 21,City 21,0,Country 1,2024-01-01 21:00:00,0
66.01,28,78131.65,129.74,Ad Topic 22,City 22,1,Country 2,2024-01-01 22:00:00,1
43.63,37,85091.39,212.53,Ad Topic 23,City 23,0,Country 3,2024-01-01 23:00:00,1
56.83,33,85922.55,168.84,Ad Topic 24,City 24,0,Country 4,2024-01-02 00:00:00,0
66.66,21,73125.49,168.81,Ad Topic 25,City 25,1,Country 5,2024-01-02 01:00:00,0
47.74,23,70360.94,211.61,Ad Topic 26,City 26,0,Country 6,2024-01-02 02:00:00,1
70.64,39,63887.9,193.6,Ad Topic 27,City 27,1,Country 7,2024-01-02 03:00:00,1
55.99,43,66675.42,202.82,Ad Topic 28,City 28,0,Country 8,2024-01-02 04:00:00,1
60.62,20,46732.21,218.73,Ad Topic 29,City 29,1,Country 9,2024-01-02 05:00:00,1
55.97,58,42727.02,166.75,Ad Topic 30,City 30,0,Country 0,2024-01-02 06:00:00,0
92.78,59,54949.38,155.51,Ad Topic 31,City 31,0,Country 1,2024-01-02 07:00:00,0
64.8,31,52447.23,136.59,Ad Topic 32,City 32,1,Country 2,2024-01-02 08:00:00,1
49.13,28,48201.58,146.98,Ad Topic 33,City 33,1,Country 3,2024-01-02 09:00:00,0
77.34,35,65445.81,297.96,Ad Topic 34,City 34,1,Country 4,2024-01-02 10:00:00,0
46.69,29,69329.58,229.79,Ad Topic 35,City 35,1,Country 5,2024-01-02 11:00:00,1
68.13,40,56326.1,125.96,Ad Topic 36,City 36,0,Country 6,2024-01-02 12:00:00,0
35.6,29,77162.95,127.1,Ad Topic 37,City 37,1,Country 7,2024-01-02 13:00:00,0
45.08,30,37874.66,199.27,Ad Topic 38,City 38,1,Country 8,2024-01-02 14:00:00,0
67.95,42,52095.11,201.89,Ad Topic 39,City 39,0,Country 9,2024-01-02 15:00:00,1
76.08,62,44247.67,201.96,Ad Topic 40,City 40,1,Country 0,2024-01-02 16:00:00,1
67.57,68,27001.95,169.8,Ad Topic 41,City 41,1,Country 1,2024-01-02 17:00:00,0
63.27,36,53759.79,174.98,Ad Topic 42,City 42,0,Country 2,2024-01-02 18:00:00,1
60.48,63,53173.79,193.12,Ad Topic 43,City 43,1,Country 3,2024-01-02 19:00:00,1
42.82,53,77701.75,183.44,Ad Topic 44,City 44,1,Country 4,2024-01-02 20:00:00,1
54.2,62,64462.18,91.23,Ad Topic 45,City 45,1,Country 5,2024-01-02 21:00:00,0
58.09,25,39637.2,170.81,Ad Topic 46,City 46,1,Country 6,2024-01-02 22:00:00,0
80.86,46,82811.39,145.94,Ad Topic 47,City 47,1,Country 7,2024-01-02 23:00:00,1
70.15,49,73315.51,187.01,Ad Topic 48,City 48,1,Country 8,2024-01-03 00:00:00,0
38.55,68,63731.47,299.41,Ad Topic 49,City 49,0,Country 9,2024-01-03 01:00:00,0
69.86,61,51602.74,194.7,Ad Topic 50,City 0,1,Country 0,2024-01-03 02:00:00,0
59.22,35,40608.41,167.46,Ad Topic 51,City 1,0,Country 1,2024-01-03 03:00:00,0
54.85,23,49416.9,216.87,Ad Topic 52,City 2,0,Country 2,2024-01-03 04:00:00,0
74.18,35,71331.23,199.31,Ad Topic 53,City 3,0,Country 3,2024-01-03 05:00:00,1
80.46,36,83268.79,196.8,Ad Topic 54,City 4,0,Country 4,2024-01-03 06:00:00,0
78.97,39,78148.65,204.27,Ad Topic 55,City 5,1,Country 5,2024-01-03 07:00:00,0
52.41,54,47667.26,262.26,Ad Topic 56,City 6,1,Country 6,2024-01-03 08:00:00,0
60.36,49,38205.74,134.76,Ad Topic 57,City 7,1,Country 7,2024-01-03 09:00:00,1
69.97,58,57113.29,198.95,Ad Topic 58,City 8,0,Country 8,2024-01-03 10:00:00,1
79.63,20,28473.41,142.94,Ad Topic 59,City 9,1,Country 9,2024-01-03 11:00:00,1
57.81,45,59847.52,202.22,Ad Topic 60,City 10,1,Country 0,2024-01-03 12:00:00,0
62.22,27,52785.96,143.25,Ad Topic 61,City 11,1,Country 1,2024-01-03 13:00:00,1
48.4,68,48009.45,163.31,Ad Topic 62,City 12,0,Country 2,2024-01-03 14:00:00,1
47.06,52,31079.45,168.2,Ad Topic 63,City 13,0,Country 3,2024-01-03 15:00:00,1
77.19,46,62704.0,219.03,Ad Topic 64,City 14,1,Country 4,2024-01-03 16:00:00,1
85.34,32,47009.49,216.74,Ad Topic 65,City 15,0,Country 5,2024-01-03 17:00:00,0
63.92,50,37451.25,130.17,Ad Topic 66,City 16,0,Country 6,2024-01-03 18:00:00,1
80.05,24,11916.07,182.2,Ad Topic 67,City 17,1,Country 7,2024-01-03 19:00:00,1
70.42,29,54587.28,151.62,Ad Topic 68,City 18,0,Country 8,2024-01-03 20:00:00,0
55.32,66,81583.77,129.66,Ad Topic 69,City 19,0,Country 9,2024-01-03 21:00:00,0
70.42,47,79918.89,171.32,Ad Topic 70,City 20,1,Country 0,2024-01-03 22:00:00,1
88.07,38,48143.56,167.66,Ad Topic 71,City 21,0,Country 1,2024-01-03 23:00:00,0
64.46,48,45966.82,277.07,Ad Topic 72,City 22,0,Country 2,2024-01-04 00:00:00,1
88.47,41,62031.61,197.32,Ad Topic 73,City 23,0,Country 3,2024-01-04 01:00:00,0
25.7,37,40024.22,124.9,Ad Topic 74,City 24,0,Country 4,2024-01-04 02:00:00,0
77.33,54,59526.88,157.41,Ad Topic 75,City 25,0,Country 5,2024-01-04 03:00:00,1
66.31,21,66491.2,220.86,Ad Topic 76,City 26,0,Country 6,2024-01-04 04:00:00,0
60.51,45,73404.0,263.54,Ad Topic 77,City 27,0,Country 7,2024-01-04 05:00:00,1
66.38,61,53497.69,116.56,Ad Topic 78,City 28,0,Country 8,2024-01-04 06:00:00,0
35.19,37,51944.89,104.8,Ad Topic 79,City 29,1,Country 9,2024-01-04 07:00:00,1
61.7,41,41830.26,254.84,Ad Topic 80,City 30,1,Country 0,2024-01-04 08:00:00,0
70.36,67,42596.79,195.58,Ad Topic 81,City 31,1,Country 1,2024-01-04 09:00:00,0
87.17,66,51602.82,145.27,Ad Topic 82,City 32,1,Country 2,2024-01-04 10:00:00,0
57.23,68,60510.48,201.39,Ad Topic 83,City 33,0,Country 3,2024-01-04 11:00:00,0
52.87,49,68703.77,74.57,Ad Topic 84,City 34,1,Country 4,2024-01-04 12:00:00,0
57.47,58,42952.32,180.14,Ad Topic 85,City 35,1,Country 5,2024-01-04 13:00:00,1
78.73,53,77390.33,193.11,Ad Topic 86,City 36,0,Country 6,2024-01-04 14:00:00,0
69.93,51,50933.15,216.97,Ad Topic 87,City 37,0,Country 7,2024-01-04 15:00:00,1
57.05,53,54679.49,139.44,Ad Topic 88,City 38,0,Country 8,2024-01-04 16:00:00,1
72.7,19,43791.82,183.43,Ad Topic 89,City 39,0,Country 9,2024-01-04 17:00:00,1
66.46,32,18636.4,142.98,Ad Topic 90,City 40,0,Country 0,2024-01-04 18:00:00,0
79.53,51,68260.68,190.22,Ad Topic 91,City 41,1,Country 1,2024-01-04 19:00:00,1
54.47,53,66052.66,144.19,Ad Topic 92,City 42,0,Country 2,2024-01-04 20:00:00,0
60.09,23,50780.09,163.68,Ad Topic 93,City 43,1,Country 3,2024-01-04 21:00:00,1
59.12,56,56004.86,140.17,Ad Topic 94,City 44,1,Country 4,2024-01-04 22:00:00,1
43.05,59,62739.09,206.05,Ad Topic 95,City 45,0,Country 5,2024-01-04 23:00:00,1
69.44,68,31561.81,214.34,Ad Topic 96,City 46,1,Country 6,2024-01-05 00:00:00,1
68.92,68,47064.21,170.62,Ad Topic 97,City 47,1,Country 7,2024-01-05 01:00:00,1
65.08,29,66913.97,181.53,Ad Topic 98,City 48,0,Country 8,2024-01-05 02:00:00,0
61.48,20,36185.66,122.06,Ad Topic 99,City 49,1,Country 9,2024-01-05 03:00:00,1
43.77,62,59403.37,168.01,Ad Topic 100,City 0,1,Country 0,2024-01-05 04:00:00,1
58.69,35,34651.27,177.99,Ad Topic 101,City 1,1,Country 1,2024-01-05 05:00:00,0
59.86,57,61996.45,284.83,Ad Topic 102,City 2,0,Country 2,2024-01-05 06:00:00,0
52.97,38,54465.38,135.52,Ad Topic 103,City 3,0,Country 3,2024-01-05 07:00:00,0
62.58,32,30773.02,238.57,Ad Topic 104,City 4,0,Country 4,2024-01-05 08:00:00,1
71.06,50,72471.09,219.87,Ad Topic 105,City 5,1,Country 5,2024-01-05 09:00:00,1
93.29,52,43981.13,191.23,Ad Topic 106,City 6,0,Country 6,2024-01-05 10:00:00,1
67.62,43,42846.21,250.34,Ad Topic 107,City 7,1,Country 7,2024-01-05 11:00:00,1
68.86,25,58008.54,194.88,Ad Topic 108,City 8,0,Country 8,2024-01-05 12:00:00,1
63.88,53,72229.56,195.57,Ad Topic 109,City 9,1,Country 9,2024-01-05 13:00:00,1
36.22,65,39762.67,177.88,Ad Topic 110,City 10,0,Country 0,2024-01-05 14:00:00,0
64.6,47,55925.2,228.94,Ad Topic 111,City 11,0,Country 1,2024-01-05 15:00:00,0
65.9,40,61432.25,223.86,Ad Topic 112,City 12,1,Country 2,2024-01-05 16:00:00,1
101.95,59,65396.58,154.97,Ad Topic 113,City 13,0,Country 3,2024-01-05 17:00:00,1
62.11,61,57646.62,127.23,Ad Topic 114,City 14,1,Country 4,2024-01-05 18:00:00,1
69.52,31,49494.58,171.88,Ad Topic 115,City 15,0,Country 5,2024-01-05 19:00:00,1
64.48,31,42586.15,148.0,Ad Topic 116,City 16,0,Country 6,2024-01-05 20:00:00,1
47.47,19,56292.16,177.46,Ad Topic 117,City 17,1,Country 7,2024-01-05 21:00:00,0
82.14,54,38917.91,229.5,Ad Topic 118,City 18,1,Country 8,2024-01-05 22:00:00,0
76.28,22,11179.74,161.71,Ad Topic 119,City 19,1,Country 9,2024-01-05 23:00:00,1
76.87,55,61548.4,178.29,Ad Topic 120,City 20,0,Country 0,2024-01-06 00:00:00,0
51.36,62,68559.02,182.32,Ad Topic 121,City 21,1,Country 1,2024-01-06 01:00:00,1
86.04,58,19556.01,213.94,Ad Topic 122,City 22,0,Country 2,2024-01-06 02:00:00,1
43.97,64,39854.04,90.12,Ad Topic 123,City 23,1,Country 3,2024-01-06 03:00:00,1
73.8,31,64287.31,155.73,Ad Topic 124,City 24,1,Country 4,2024-01-06 04:00:00,0
97.86,56,85862.43,188.45,Ad Topic 125,City 25,1,Country 5,2024-01-06 05:00:00,0
50.14,42,55311.91,228.0,Ad Topic 126,City 26,1,Country 6,2024-01-06 06:00:00,1
56.51,37,44079.96,160.32,Ad Topic 127,City 27,1,Country 7,2024-01-06 07:00:00,0
66.49,19,52256.55,104.94,Ad Topic 128,City 28,1,Country 8,2024-01-06 08:00:00,0
57.45,56,75623.15,204.79,Ad Topic 129,City 29,0,Country 9,2024-01-06 09:00:00,1
41.74,23,45310.54,154.59,Ad Topic 130,City 30,1,Country 0,2024-01-06 10:00:00,0
66.03,34,43012.12,132.41,Ad Topic 131,City 31,0,Country 1,2024-01-06 11:00:00,0
49.07,42,47758.85,155.03,Ad Topic 132,City 32,1,Country 2,2024-01-06 12:00:00,1
72.1,45,40700.07,172.62,Ad Topic 133,City 33,1,Country 3,2024-01-06 13:00:00,1
51.21,19,56840.05,155.81,Ad Topic 134,City 34,1,Country 4,2024-01-06 14:00:00,0
88.25,52,79370.18,91.78,Ad Topic 135,City 35,0,Country 5,2024-01-06 15:00:00,1
53.25,54,59846.19,215.88,Ad Topic 136,City 36,0,Country 6,2024-01-06 16:00:00,0
60.17,22,51214.7,231.0,Ad Topic 137,City 37,1,Country 7,2024-01-06 17:00:00,1
77.2,18,50622.83,206.06,Ad Topic 138,City 38,0,Country 8,2024-01-06 18:00:00,1
46.54,57,31552.14,134.49,Ad Topic 139,City 39,1,Country 9,2024-01-06 19:00:00,1
68.41,29,68246.65,171.94,Ad Topic 140,City 40,1,Country 0,2024-01-06 20:00:00,1
84.61,53,53832.44,179.74,Ad Topic 141,City 41,0,Country 1,2024-01-06 21:00:00,0
40.89,62,52292.8,203.95,Ad Topic 142,City 42,0,Country 2,2024-01-06 22:00:00,1
67.77,40,102896.61,206.73,Ad Topic 143,City 43,0,Country 3,2024-01-06 23:00:00,1
68.9,64,59481.29,150.63,Ad Topic 144,City 44,0,Country 4,2024-01-07 00:00:00,1
76.73,48,43723.13,183.28,Ad Topic 145,City 45,1,Country 5,2024-01-07 01:00:00,0
46.45,28,48604.64,198.29,Ad Topic 146,City 46,0,Country 6,2024-01-07 02:00:00,0
45.19,27,72226.69,238.23,Ad Topic 147,City 47,0,Country 7,2024-01-07 03:00:00,1
72.83,20,56699.06,208.18,Ad Topic 148,City 48,1,Country 8,2024-01-07 04:00:00,1
69.45,31,33425.83,211.56,Ad Topic 149,City 49,0,Country 9,2024-01-07 05:00:00,1
68.76,33,68788.43,183.35,Ad Topic 150,City 0,0,Country 0,2024-01-07 06:00:00,1
70.2,27,44977.84,236.42,Ad Topic 151,City 1,0,Country 1,2024-01-07 07:00:00,1
54.8,46,83099.47,196.39,Ad Topic 152,City 2,0,Country 2,2024-01-07 08:00:00,1
68.48,27,71200.72,145.56,Ad Topic 153,City 3,1,Country 3,2024-01-07 09:00:00,0
69.4,29,48290.17,236.13,Ad Topic 154,City 4,1,Country 4,2024-01-07 10:00:00,1
54.28,47,74215.25,207.92,Ad Topic 155,City 5,0,Country 5,2024-01-07 11:00:00,1
92.99,58,56017.83,162.28,Ad Topic 156,City 6,0,Country 6,2024-01-07 12:00:00,1
72.11,18,67791.61,160.82,Ad Topic 157,City 7,1,Country 7,2024-01-07 13:00:00,1
47.13,22,62270.99,191.86,Ad Topic 158,City 8,0,Country 8,2024-01-07 14:00:00,1
74.85,37,42304.65,198.53,Ad Topic 159,City 9,0,Country 9,2024-01-07 15:00:00,1
50.38,25,45346.75,187.89,Ad Topic 160,City 10,0,Country 0,2024-01-07 16:00:00,0
76.81,60,70449.41,192.45,Ad Topic 161,City 11,0,Country 1,2024-01-07 17:00:00,0
82.38,29,49978.37,248.0,Ad Topic 162,City 12,0,Country 2,2024-01-07 18:00:00,0
52.69,18,48945.27,222.86,Ad Topic 163,City 13,0,Country 3,2024-01-07 19:00:00,0
79.45,37,40673.16,187.63,Ad Topic 164,City 14,0,Country 4,2024-01-07 20:00:00,0
71.19,45,61353.99,217.65,Ad Topic 165,City 15,0,Country 5,2024-01-07 21:00:00,0
77.33,60,85937.87,138.7,Ad Topic 166,City 16,0,Country 6,2024-01-07 22:00:00,1
93.45,54,38987.01,195.92,Ad Topic 167,City 17,1,Country 7,2024-01-07 23:00:00,1
61.32,64,55363.29,252.37,Ad Topic 168,City 18,1,Country 8,2024-01-08 00:00:00,1
53.69,54,76183.31,171.28,Ad Topic 169,City 19,1,Country 9,2024-01-08 01:00:00,1
51.66,29,53805.38,146.09,Ad Topic 170,City 20,0,Country 0,2024-01-08 02:00:00,1
52.76,54,61785.58,153.92,Ad Topic 171,City 21,0,Country 1,2024-01-08 03:00:00,1
63.84,66,39064.1,136.41,Ad Topic 172,City 22,1,Country 2,2024-01-08 04:00:00,0
70.12,66,61424.61,148.61,Ad Topic 173,City 23,0,Country 3,2024-01-08 05:00:00,1
69.15,61,52192.84,165.18,Ad Topic 174,City 24,1,Country 4,2024-01-08 06:00:00,0
77.41,45,69785.95,123.78,Ad Topic 175,City 25,0,Country 5,2024-01-08 07:00:00,0
65.2,64,72810.79,180.62,Ad Topic 176,City 26,1,Country 6,2024-01-08 08:00:00,1
86.8,32,93843.45,216.09,Ad Topic 177,City 27,1,Country 7,2024-01-08 09:00:00,1
61.03,23,63694.5,143.69,Ad Topic 178,City 28,1,Country 8,2024-01-08 10:00:00,1
105.8,61,59886.94,240.77,Ad Topic 179,City 29,0,Country 9,2024-01-08 11:00:00,1
74.39,37,57915.76,200.43,Ad Topic 180,City 30,1,Country 0,2024-01-08 12:00:00,1
52.14,67,49702.51,221.22,Ad Topic 181,City 31,0,Country 1,2024-01-08 13:00:00,1
48.94,31,60077.26,153.69,Ad Topic 182,City 32,0,Country 2,2024-01-08 14:00:00,1
72.24,19,50568.98,214.18,Ad Topic 183,City 33,0,Country 3,2024-01-08 15:00:00,0
61.65,26,57526.91,136.32,Ad Topic 184,City 34,0,Country 4,2024-01-08 16:00:00,1
75.71,54,74763.96,215.61,Ad Topic 185,City 35,0,Country 5,2024-01-08 17:00:00,1
72.1,37,39901.86,186.87,Ad Topic 186,City 36,0,Country 6,2024-01-08 18:00:00,0
63.91,43,72098.18,202.13,Ad Topic 187,City 37,0,Country 7,2024-01-08 19:00:00,1
52.3,46,74756.73,132.98,Ad Topic 188,City 38,1,Country 8,2024-01-08 20:00:00,1
42.28,18,53228.97,144.2,Ad Topic 189,City 39,1,Country 9,2024-01-08 21:00:00,0
58.3,52,23172.18,203.89,Ad Topic 190,City 40,1,Country 0,2024-01-08 22:00:00,1
77.85,23,45882.67,142.07,Ad Topic 191,City 41,0,Country 1,2024-01-08 23:00:00,1
68.21,54,74454.92,198.53,Ad Topic 192,City 42,0,Country 2,2024-01-09 00:00:00,1
46.31,22,54656.98,125.31,Ad Topic 193,City 43,0,Country 3,2024-01-09 01:00:00,1
67.6,50,40010.47,213.93,Ad Topic 194,City 44,0,Country 4,2024-01-09 02:00:00,1
70.78,66,47428.38,130.7,Ad Topic 195,City 45,1,Country 5,2024-01-09 03:00:00,1
51.74,68,67609.3,202.09,Ad Topic 196,City 46,0,Country 6,2024-01-09 04:00:00,0
67.31,31,63201.0,205.03,Ad Topic 197,City 47,1,Country 7,2024-01-09 05:00:00,1
65.87,29,51416.02,152.13,Ad Topic 198,City 48,0,Country 8,2024-01-09 06:00:00,1
47.86,59,49497.63,203.28,Ad Topic 199,City 49,1,Country 9,2024-01-09 07:00:00,0
70.37,37,49123.63,190.42,Ad Topic 200,City 0,0,Country 0,2024-01-09 08:00:00,0
73.41,67,41163.85,158.45,Ad Topic 201,City 1,1,Country 1,2024-01-09 09:00:00,1
81.25,41,79230.64,139.66,Ad Topic 202,City 2,0,Country 2,2024-01-09 10:00:00,0
80.81,60,50165.19,101.49,Ad Topic 203,City 3,1,Country 3,2024-01-09 11:00:00,1
44.33,51,73257.38,193.99,Ad Topic 204,City 4,0,Country 4,2024-01-09 12:00:00,1
50.93,42,77819.74,117.41,Ad Topic 205,City 5,1,Country 5,2024-01-09 13:00:00,0
72.73,67,69974.66,183.81,Ad Topic 206,City 6,1,Country 6,2024-01-09 14:00:00,1
72.71,46,48525.7,169.46,Ad Topic 207,City 7,0,Country 7,2024-01-09 15:00:00,1
72.73,56,61055.95,207.17,Ad Topic 208,City 8,1,Country 8,2024-01-09 16:00:00,0
122.79,48,54637.07,167.92,Ad Topic 209,City 9,0,Country 9,2024-01-09 17:00:00,0
73.56,64,41444.47,166.82,Ad Topic 210,City 10,0,Country 0,2024-01-09 18:00:00,0
82.03,60,59865.39,209.27,Ad Topic 211,City 11,0,Country 1,2024-01-09 19:00:00,0
79.31,67,37314.4,193.4,Ad Topic 212,City 12,1,Country 2,2024-01-09 20:00:00,1
74.77,40,72815.19,192.65,Ad Topic 213,City 13,1,Country 3,2024-01-09 21:00:00,0
60.27,61,48030.74,198.77,Ad Topic 214,City 14,0,Country 4,2024-01-09 22:00:00,0
76.38,55,58017.39,118.58,Ad Topic 215,City 15,0,Country 5,2024-01-09 23:00:00,0
53.41,37,59249.32,210.27,Ad Topic 216,City 16,1,Country 6,2024-01-10 00:00:00,0
61.45,40,51116.43,204.5,Ad Topic 217,City 17,1,Country 7,2024-01-10 01:00:00,0
57.72,62,63800.41,139.33,Ad Topic 218,City 18,1,Country 8,2024-01-10 02:00:00,1
66.23,69,47876.45,170.24,Ad Topic 219,City 19,0,Country 9,2024-01-10 03:00:00,0
99.72,33,68069.46,178.43,Ad Topic 220,City 20,0,Country 0,2024-01-10 04:00:00,1
36.99,67,34810.3,174.62,Ad Topic 221,City 21,0,Country 1,2024-01-10 05:00:00,0
75.29,59,56895.69,193.35,Ad Topic 222,City 22,0,Country 2,2024-01-10 06:00:00,0
40.81,25,84083.93,237.25,Ad Topic 223,City 23,0,Country 3,2024-01-10 07:00:00,0
57.92,67,39995.03,223.27,Ad Topic 224,City 24,1,Country 4,2024-01-10 08:00:00,0
81.33,38,44833.83,127.51,Ad Topic 225,City 25,0,Country 5,2024-01-10 09:00:00,0
65.96,18,62708.62,204.88,Ad Topic 226,City 26,1,Country 6,2024-01-10 10:00:00,0
48.83,25,57693.73,233.16,Ad Topic 227,City 27,1,Country 7,2024-01-10 11:00:00,0
54.27,46,60259.45,195.47,Ad Topic 228,City 28,0,Country 8,2024-01-10 12:00:00,0
75.19,49,62337.81,223.64,Ad Topic 229,City 29,1,Country 9,2024-01-10 13:00:00,1
54.04,55,64520.82,260.49,Ad Topic 230,City 30,0,Country 0,2024-01-10 14:00:00,0
68.25,22,71645.5,220.95,Ad Topic 231,City 31,1,Country 1,2024-01-10 15:00:00,1
65.68,64,61147.28,189.97,Ad Topic 232,City 32,0,Country 2,2024-01-10 16:00:00,0
55.23,39,51381.14,221.8,Ad Topic 233,City 33,0,Country 3,2024-01-10 17:00:00,1
97.16,64,65088.61,185.8,Ad Topic 234,City 34,1,Country 4,2024-01-10 18:00:00,0
74.51,51,83498.23,180.96,Ad Topic 235,City 35,0,Country 5,2024-01-10 19:00:00,0
34.62,18,53010.49,165.94,Ad Topic 236,City 36,1,Country 6,2024-01-10 20:00:00,0
67.8,43,40382.06,242.54,Ad Topic 237,City 37,0,Country 7,2024-01-10 21:00:00,1
55.07,60,71606.21,147.26,Ad Topic 238,City 38,0,Country 8,2024-01-10 22:00:00,1
77.79,27,53194.28,241.29,Ad Topic 239,City 39,0,Country 9,2024-01-10 23:00:00,1
53.11,47,22409.96,199.99,Ad Topic 240,City 40,1,Country 0,2024-01-11 00:00:00,1
63.28,67,67711.33,124.03,Ad Topic 241,City 41,1,Country 1,2024-01-11 01:00:00,0
72.57,35,46970.08,194.71,Ad Topic 242,City 42,0,Country 2,2024-01-11 02:00:00,0
77.99,34,53642.0,96.0,Ad Topic 243,City 43,1,Country 3,2024-01-11 03:00:00,0
47.0,43,59979.7,205.02,Ad Topic 244,City 44,0,Country 4,2024-01-11 04:00:00,1
59.98,25,57857.5,215.41,Ad Topic 245,City 45,1,Country 5,2024-01-11 05:00:00,0
57.88,64,65641.78,156.31,Ad Topic 246,City 46,1,Country 6,2024-01-11 06:00:00,1
55.2,57,48467.7,184.94,Ad Topic 247,City 47,0,Country 7,2024-01-11 07:00:00,1
91.48,66,62696.59,258.17,Ad Topic 248,City 48,0,Country 8,2024-01-11 08:00:00,1
71.07,29,51106.8,159.77,Ad Topic 249,City 49,0,Country 9,2024-01-11 09:00:00,1
46.09,44,66082.16,137.64,Ad Topic 250,City 0,0,Country 0,2024-01-11 10:00:00,1
78.77,25,64230.51,239.27,Ad Topic 251,City 1,0,Country 1,2024-01-11 11:00:00,0
96.83,42,40968.42,258.5,Ad Topic 252,City 2,1,Country 2,2024-01-11 12:00:00,1
80.49,63,71289.73,180.15,Ad Topic 253,City 3,1,Country 3,2024-01-11 13:00:00,1
42.21,21,46960.55,220.46,Ad Topic 254,City 4,0,Country 4,2024-01-11 14:00:00,0
57.74,50,67120.87,233.66,Ad Topic 255,City 5,0,Country 5,2024-01-11 15:00:00,1
84.0,18,60509.31,150.3,Ad Topic 256,City 6,0,Country 6,2024-01-11 16:00:00,1
54.38,36,82572.76,160.59,Ad Topic 257,City 7,1,Country 7,2024-01-11 17:00:00,0
71.66,48,51648.01,229.23,Ad Topic 258,City 8,0,Country 8,2024-01-11 18:00:00,0
76.62,33,49760.25,247.4,Ad Topic 259,City 9,0,Country 9,2024-01-11 19:00:00,0
51.1,31,54708.71,202.52,Ad Topic 260,City 10,1,Country 0,2024-01-11 20:00:00,1
64.11,65,50452.3,144.81,Ad Topic 261,City 11,1,Country 1,2024-01-11 21:00:00,0
16.38,22,66999.13,259.48,Ad Topic 262,City 12,1,Country 2,2024-01-11 22:00:00,0
49.63,58,30755.34,158.76,Ad Topic 263,City 13,1,Country 3,2024-01-11 23:00:00,0
61.21,43,39194.76,166.59,Ad Topic 264,City 14,0,Country 4,2024-01-12 00:00:00,1
46.28,45,38982.96,193.69,Ad Topic 265,City 15,1,Country 5,2024-01-12 01:00:00,0
89.49,19,69254.61,242.17,Ad Topic 266,City 16,1,Country 6,2024-01-12 02:00:00,1
43.55,67,80659.2,214.16,Ad Topic 267,City 17,0,Country 7,2024-01-12 03:00:00,1
58.4,23,53433.26,196.59,Ad Topic 268,City 18,0,Country 8,2024-01-12 04:00:00,0
66.96,26,52467.67,198.53,Ad Topic 269,City 19,0,Country 9,2024-01-12 05:00:00,1
86.62,50,56050.78,181.74,Ad Topic 270,City 20,1,Country 0,2024-01-12 06:00:00,1
43.46,58,72428.17,202.33,Ad Topic 271,City 21,0,Country 1,2024-01-12 07:00:00,0
82.45,42,41089.7,78.82,Ad Topic 272,City 22,1,Country 2,2024-01-12 08:00:00,1
65.15,65,58575.53,168.14,Ad Topic 273,City 23,1,Country 3,2024-01-12 09:00:00,0
50.28,30,69627.96,189.65,Ad Topic 274,City 24,1,Country 4,2024-01-12 10:00:00,1
71.93,26,62516.41,133.96,Ad Topic 275,City 25,0,Country 5,2024-01-12 11:00:00,1
67.99,30,57843.72,195.45,Ad Topic 276,City 26,1,Country 6,2024-01-12 12:00:00,0
56.0,48,70015.69,171.82,Ad Topic 277,City 27,0,Country 7,2024-01-12 13:00:00,0
66.05,58,14451.52,250.22,Ad Topic 278,City 28,0,Country 8,2024-01-12 14:00:00,1
59.22,28,65168.13,242.92,Ad Topic 279,City 29,0,Country 9,2024-01-12 15:00:00,1
66.7,21,45188.86,161.37,Ad Topic 280,City 30,1,Country 0,2024-01-12 16:00:00,0
74.93,51,27540.51,173.97,Ad Topic 281,City 31,1,Country 1,2024-01-12 17:00:00,1
88.79,55,62668.04,177.04,Ad Topic 282,City 32,1,Country 2,2024-01-12 18:00:00,1
46.43,63,75604.88,161.93,Ad Topic 283,City 33,0,Country 3,2024-01-12 19:00:00,1
97.0,21,52938.27,187.8,Ad Topic 284,City 34,1,Country 4,2024-01-12 20:00:00,1
35.72,55,69293.12,149.67,Ad Topic 285,City 35,1,Country 5,2024-01-12 21:00:00,0
62.72,36,79184.17,134.78,Ad Topic 286,City 36,1,Country 6,2024-01-12 22:00:00,0
73.82,23,74723.72,204.91,Ad Topic 287,City 37,1,Country 7,2024-01-12 23:00:00,0
69.21,51,79599.47,205.18,Ad Topic 288,City 38,1,Country 8,2024-01-13 00:00:00,0
55.66,35,66131.91,147.83,Ad Topic 289,City 39,0,Country 9,2024-01-13 01:00:00,0
61.88,30,56131.5,215.81,Ad Topic 290,City 40,0,Country 0,2024-01-13 02:00:00,0
57.6,58,30970.51,154.74,Ad Topic 291,City 41,0,Country 1,2024-01-13 03:00:00,1
56.16,40,51309.06,190.13,Ad Topic 292,City 42,0,Country 2,2024-01-13 04:00:00,0
77.74,36,42351.3,212.81,Ad Topic 293,City 43,1,Country 3,2024-01-13 05:00:00,1
70.36,62,87564.14,178.66,Ad Topic 294,City 44,0,Country 4,2024-01-13 06:00:00,1
54.61,28,52361.71,198.19,Ad Topic 295,City 45,1,Country 5,2024-01-13 07:00:00,1
78.49,18,56848.07,159.34,Ad Topic 296,City 46,0,Country 6,2024-01-13 08:00:00,0
69.61,41,63272.28,172.14,Ad Topic 297,City 47,0,Country 7,2024-01-13 09:00:00,1
77.19,24,55654.04,171.77,Ad Topic 298,City 48,0,Country 8,2024-01-13 10:00:00,0
74.44,42,80425.77,150.14,Ad Topic 299,City 49,1,Country 9,2024-01-13 11:00:00,1
52.57,38,45660.26,172.93,Ad Topic 300,City 0,1,Country 0,2024-01-13 12:00:00,1
56.6,32,57919.11,118.06,Ad Topic 301,City 1,0,Country 1,2024-01-13 13:00:00,0
76.21,18,43862.94,160.35,Ad Topic 302,City 2,1,Country 2,2024-01-13 14:00:00,1
74.16,29,35199.66,168.6,Ad Topic 303,City 3,0,Country 3,2024-01-13 15:00:00,1
64.69,24,45823.46,169.75,Ad Topic 304,City 4,0,Country 4,2024-01-13 16:00:00,1
66.76,32,54444.45,170.34,Ad Topic 305,City 5,0,Country 5,2024-01-13 17:00:00,1
84.16,38,48560.47,177.53,Ad Topic 306,City 6,1,Country 6,2024-01-13 18:00:00,0
56.13,36,44613.69,199.18,Ad Topic 307,City 7,0,Country 7,2024-01-13 19:00:00,1
73.21,46,33905.24,214.98,Ad Topic 308,City 8,0,Country 8,2024-01-13 20:00:00,1
61.97,42,53753.42,154.01,Ad Topic 309,City 9,0,Country 9,2024-01-13 21:00:00,0
61.73,50,32429.19,131.87,Ad Topic 310,City 10,1,Country 0,2024-01-13 22:00:00,1
81.48,66,66400.84,138.32,Ad Topic 311,City 11,0,Country 1,2024-01-13 23:00:00,1
77.38,49,56236.6,160.51,Ad Topic 312,City 12,1,Country 2,2024-01-14 00:00:00,1
77.2,66,33136.73,165.92,Ad Topic 313,City 13,0,Country 3,2024-01-14 01:00:00,1
84.58,52,50361.86,149.2,Ad Topic 314,City 14,1,Country 4,2024-01-14 02:00:00,0
65.32,61,43717.65,128.16,Ad Topic 315,City 15,0,Country 5,2024-01-14 03:00:00,1
75.23,55,59787.62,161.76,Ad Topic 316,City 16,0,Country 6,2024-01-14 04:00:00,0
60.35,43,75106.76,187.26,Ad Topic 317,City 17,1,Country 7,2024-01-14 05:00:00,1
69.86,28,26872.41,203.8,Ad Topic 318,City 18,1,Country 8,2024-01-14 06:00:00,1
63.05,52,56725.39,157.7,Ad Topic 319,City 19,0,Country 9,2024-01-14 07:00:00,1
66.45,25,52598.01,163.48,Ad Topic 320,City 20,1,Country 0,2024-01-14 08:00:00,0
73.93,63,65070.1,142.93,Ad Topic 321,City 21,0,Country 1,2024-01-14 09:00:00,1
52.73,31,58197.95,178.74,Ad Topic 322,City 22,0,Country 2,2024-01-14 10:00:00,1
96.39,27,43720.46,146.06,Ad Topic 323,City 23,0,Country 3,2024-01-14 11:00:00,0
49.91,19,50214.19,202.93,Ad Topic 324,City 24,1,Country 4,2024-01-14 12:00:00,0
46.79,63,43059.61,108.57,Ad Topic 325,City 25,0,Country 5,2024-01-14 13:00:00,0
82.37,26,71140.11,165.61,Ad Topic 326,City 26,1,Country 6,2024-01-14 14:00:00,0
76.87,20,55319.67,192.04,Ad Topic 327,City 27,0,Country 7,2024-01-14 15:00:00,1
74.36,38,83517.86,187.35,Ad Topic 328,City 28,1,Country 8,2024-01-14 16:00:00,1
74.43,43,54090.09,287.72,Ad Topic 329,City 29,1,Country 9,2024-01-14 17:00:00,1
64.82,25,44373.9,193.99,Ad Topic 330,City 30,0,Country 0,2024-01-14 18:00:00,1
51.54,65,32294.28,139.84,Ad Topic 331,City 31,1,Country 1,2024-01-14 19:00:00,0
66.14,19,27952.9,176.18,Ad Topic 332,City 32,0,Country 2,2024-01-14 20:00:00,1
54.84,23,31237.96,108.95,Ad Topic 333,City 33,0,Country 3,2024-01-14 21:00:00,1
79.63,45,59006.9,176.78,Ad Topic 334,City 34,0,Country 4,2024-01-14 22:00:00,1
62.79,46,62630.88,146.68,Ad Topic 335,City 35,0,Country 5,2024-01-14 23:00:00,1
52.62,43,31282.14,216.62,Ad Topic 336,City 36,0,Country 6,2024-01-15 00:00:00,0
60.18,42,68425.57,158.02,Ad Topic 337,City 37,1,Country 7,2024-01-15 01:00:00,1
71.19,29,47754.08,175.33,Ad Topic 338,City 38,0,Country 8,2024-01-15 02:00:00,1
56.54,22,57201.9,154.58,Ad Topic 339,City 39,1,Country 9,2024-01-15 03:00:00,1
52.67,51,79183.31,249.55,Ad Topic 340,City 40,1,Country 0,2024-01-15 04:00:00,0
68.66,65,68452.59,167.15,Ad Topic 341,City 41,0,Country 1,2024-01-15 05:00:00,0
68.67,54,50972.04,253.3,Ad Topic 342,City 42,1,Country 2,2024-01-15 06:00:00,1
57.4,32,41632.12,212.57,Ad Topic 343,City 43,0,Country 3,2024-01-15 07:00:00,1
57.93,61,22722.77,199.28,Ad Topic 344,City 44,1,Country 4,2024-01-15 08:00:00,1
68.48,53,44212.7,194.75,Ad Topic 345,City 45,1,Country 5,2024-01-15 09:00:00,0
43.28,32,51833.05,195.75,Ad Topic 346,City 46,1,Country 6,2024-01-15 10:00:00,1
43.89,60,40192.31,102.89,Ad Topic 347,City 47,0,Country 7,2024-01-15 11:00:00,1
54.22,65,53031.15,168.84,Ad Topic 348,City 48,1,Country 8,2024-01-15 12:00:00,1
61.8,40,56152.78,213.81,Ad Topic 349,City 49,0,Country 9,2024-01-15 13:00:00,0
69.66,23,51627.16,178.04,Ad Topic 350,City 0,1,Country 0,2024-01-15 14:00:00,1
87.13,63,45249.96,123.79,Ad Topic 351,City 1,1,Country 1,2024-01-15 15:00:00,1
77.86,67,57529.82,177.9,Ad Topic 352,City 2,1,Country 2,2024-01-15 16:00:00,0
62.6,61,61629.11,248.16,Ad Topic 353,City 3,1,Country 3,2024-01-15 17:00:00,0
64.71,60,38644.01,229.88,Ad Topic 354,City 4,0,Country 4,2024-01-15 18:00:00,1
49.96,62,76163.99,177.52,Ad Topic 355,City 5,0,Country 5,2024-01-15 19:00:00,0
64.72,38,53521.18,218.06,Ad Topic 356,City 6,1,Country 6,2024-01-15 20:00:00,1
60.67,40,55282.74,165.34,Ad Topic 357,City 7,1,Country 7,2024-01-15 21:00:00,0
69.84,60,65623.22,111.85,Ad Topic 358,City 8,0,Country 8,2024-01-15 22:00:00,0
52.59,33,58498.24,143.02,Ad Topic 359,City 9,0,Country 9,2024-01-15 23:00:00,1
72.79,64,69297.05,242.52,Ad Topic 360,City 10,0,Country 0,2024-01-16 00:00:00,1
87.99,32,59306.86,169.04,Ad Topic 361,City 11,0,Country 1,2024-01-16 01:00:00,1
63.37,42,45813.44,170.26,Ad Topic 362,City 12,1,Country 2,2024-01-16 02:00:00,0
71.03,53,60422.55,168.01,Ad Topic 363,City 13,1,Country 3,2024-01-16 03:00:00,1
75.35,28,37844.11,256.17,Ad Topic 364,City 14,0,Country 4,2024-01-16 04:00:00,1
58.98,68,56628.4,245.04,Ad Topic 365,City 15,0,Country 5,2024-01-16 05:00:00,1
68.36,32,54501.55,268.75,Ad Topic 366,City 16,0,Country 6,2024-01-16 06:00:00,1
65.19,21,51878.25,173.64,Ad Topic 367,City 17,0,Country 7,2024-01-16 07:00:00,1
66.47,38,53071.94,191.82,Ad Topic 368,City 18,0,Country 8,2024-01-16 08:00:00,0
53.4,30,26772.26,119.33,Ad Topic 369,City 19,0,Country 9,2024-01-16 09:00:00,1
65.37,39,46769.13,239.08,Ad Topic 370,City 20,1,Country 0,2024-01-16 10:00:00,1
72.47,36,56392.67,133.29,Ad Topic 371,City 21,1,Country 1,2024-01-16 11:00:00,0
86.77,51,57397.85,188.67,Ad Topic 372,City 22,1,Country 2,2024-01-16 12:00:00,1
79.39,31,39584.87,136.11,Ad Topic 373,City 23,0,Country 3,2024-01-16 13:00:00,1
97.3,21,73985.62,156.45,Ad Topic 374,City 24,0,Country 4,2024-01-16 14:00:00,1
53.49,65,42007.38,146.51,Ad Topic 375,City 25,0,Country 5,2024-01-16 15:00:00,1
78.08,69,69541.86,155.68,Ad Topic 376,City 26,1,Country 6,2024-01-16 16:00:00,1
67.75,63,61407.92,158.44,Ad Topic 377,City 27,0,Country 7,2024-01-16 17:00:00,0
97.85,44,45306.59,158.07,Ad Topic 378,City 28,0,Country 8,2024-01-16 18:00:00,0
52.88,46,81629.66,213.33,Ad Topic 379,City 29,1,Country 9,2024-01-16 19:00:00,0
52.4,64,37095.45,135.81,Ad Topic 380,City 30,0,Country 0,2024-01-16 20:00:00,1
56.01,45,68787.31,188.82,Ad Topic 381,City 31,1,Country 1,2024-01-16 21:00:00,0
33.14,52,70008.73,228.72,Ad Topic 382,City 32,1,Country 2,2024-01-16 22:00:00,1
57.11,25,44940.7,159.47,Ad Topic 383,City 33,0,Country 3,2024-01-16 23:00:00,1
53.61,33,75886.98,151.28,Ad Topic 384,City 34,1,Country 4,2024-01-17 00:00:00,1
67.26,59,51249.3,170.78,Ad Topic 385,City 35,0,Country 5,2024-01-17 01:00:00,0
70.13,53,59330.4,227.19,Ad Topic 386,City 36,1,Country 6,2024-01-17 02:00:00,0
93.14,47,58904.83,187.76,Ad Topic 387,City 37,0,Country 7,2024-01-17 03:00:00,0
79.26,35,52985.37,158.75,Ad Topic 388,City 38,1,Country 8,2024-01-17 04:00:00,1
56.35,19,67162.12,199.36,Ad Topic 389,City 39,0,Country 9,2024-01-17 05:00:00,0
51.52,66,66902.33,135.91,Ad Topic 390,City 40,1,Country 0,2024-01-17 06:00:00,1
72.38,30,28772.02,207.25,Ad Topic 391,City 41,1,Country 1,2024-01-17 07:00:00,0
45.2,21,74565.1,196.34,Ad Topic 392,City 42,1,Country 2,2024-01-17 08:00:00,0
92.47,43,30062.62,167.69,Ad Topic 393,City 43,0,Country 3,2024-01-17 09:00:00,1
82.69,42,70488.19,146.46,Ad Topic 394,City 44,0,Country 4,2024-01-17 10:00:00,1
57.96,47,71900.58,144.53,Ad Topic 395,City 45,1,Country 5,2024-01-17 11:00:00,0
39.3,28,38635.5,201.39,Ad Topic 396,City 46,0,Country 6,2024-01-17 12:00:00,0
85.31,24,48837.79,229.16,Ad Topic 397,City 47,1,Country 7,2024-01-17 13:00:00,0
63.28,48,38414.43,154.51,Ad Topic 398,City 48,0,Country 8,2024-01-17 14:00:00,1
83.57,61,51776.18,198.34,Ad Topic 399,City 49,1,Country 9,2024-01-17 15:00:00,1
41.08,27,50379.49,96.52,Ad Topic 400,City 0,0,Country 0,2024-01-17 16:00:00,0
56.01,56,66694.91,156.62,Ad Topic 401,City 1,1,Country 1,2024-01-17 17:00:00,0
65.08,30,74654.63,178.76,Ad Topic 402,City 2,1,Country 2,2024-01-17 18:00:00,1
65.7,48,75935.26,143.61,Ad Topic 403,City 3,1,Country 3,2024-01-17 19:00:00,0
58.25,24,46567.48,142.54,Ad Topic 404,City 4,1,Country 4,2024-01-17 20:00:00,1
74.34,66,51861.67,153.29,Ad Topic 405,City 5,0,Country 5,2024-01-17 21:00:00,1
48.99,59,29748.43,191.69,Ad Topic 406,City 6,1,Country 6,2024-01-17 22:00:00,1
62.86,59,42911.95,172.51,Ad Topic 407,City 7,0,Country 7,2024-01-17 23:00:00,1
66.8,53,69472.77,90.47,Ad Topic 408,City 8,0,Country 8,2024-01-18 00:00:00,1
72.72,37,79233.74,95.17,Ad Topic 409,City 9,1,Country 9,2024-01-18 01:00:00,1
75.67,21,36484.77,155.73,Ad Topic 410,City 10,0,Country 0,2024-01-18 02:00:00,0
48.13,24,46113.04,198.31,Ad Topic 411,City 11,0,Country 1,2024-01-18 03:00:00,1
41.99,18,54603.91,70.1,Ad Topic 412,City 12,0,Country 2,2024-01-18 04:00:00,1
84.17,61,59202.42,160.01,Ad Topic 413,City 13,1,Country 3,2024-01-18 05:00:00,0
69.98,62,42855.95,158.95,Ad Topic 414,City 14,0,Country 4,2024-01-18 06:00:00,1
53.77,59,61360.92,235.53,Ad Topic 415,City 15,0,Country 5,2024-01-18 07:00:00,0
88.27,64,47892.41,164.6,Ad Topic 416,City 16,1,Country 6,2024-01-18 08:00:00,1
66.74,30,54783.22,195.32,Ad Topic 417,City 17,1,Country 7,2024-01-18 09:00:00,0
82.69,39,63194.26,185.65,Ad Topic 418,City 18,0,Country 8,2024-01-18 10:00:00,0
66.01,38,55096.33,94.78,Ad Topic 419,City 19,1,Country 9,2024-01-18 11:00:00,1
95.91,39,48454.21,210.73,Ad Topic 420,City 20,0,Country 0,2024-01-18 12:00:00,1
91.33,45,53355.85,188.62,Ad Topic 421,City 21,0,Country 1,2024-01-18 13:00:00,1
61.27,26,53674.56,200.33,Ad Topic 422,City 22,0,Country 2,2024-01-18 14:00:00,1
79.57,43,49449.83,337.05,Ad Topic 423,City 23,1,Country 3,2024-01-18 15:00:00,0
74.68,26,51118.06,96.64,Ad Topic 424,City 24,0,Country 4,2024-01-18 16:00:00,0
85.53,32,78979.71,248.99,Ad Topic 425,City 25,1,Country 5,2024-01-18 17:00:00,0
50.53,27,63413.79,168.5,Ad Topic 426,City 26,1,Country 6,2024-01-18 18:00:00,1
75.29,41,50567.8,191.49,Ad Topic 427,City 27,0,Country 7,2024-01-18 19:00:00,0
80.88,59,65454.32,178.18,Ad Topic 428,City 28,1,Country 8,2024-01-18 20:00:00,1
38.62,25,49992.71,163.03,Ad Topic 429,City 29,1,Country 9,2024-01-18 21:00:00,1
47.25,41,72596.87,157.21,Ad Topic 430,City 30,1,Country 0,2024-01-18 22:00:00,0
34.41,33,60544.63,193.18,Ad Topic 431,City 31,1,Country 1,2024-01-18 23:00:00,1
60.96,66,53390.47,119.31,Ad Topic 432,City 32,1,Country 2,2024-01-19 00:00:00,0
75.76,43,61715.75,210.02,Ad Topic 433,City 33,0,Country 3,2024-01-19 01:00:00,1
87.54,44,31436.86,163.35,Ad Topic 434,City 34,1,Country 4,2024-01-19 02:00:00,0
66.11,54,38098.49,134.8,Ad Topic 435,City 35,0,Country 5,2024-01-19 03:00:00,1
89.43,21,37091.12,162.0,Ad Topic 436,City 36,0,Country 6,2024-01-19 04:00:00,0
44.3,67,57144.15,230.29,Ad Topic 437,City 37,0,Country 7,2024-01-19 05:00:00,0
39.45,41,80987.72,158.59,Ad Topic 438,City 38,0,Country 8,2024-01-19 06:00:00,1
64.17,36,88469.5,194.34,Ad Topic 439,City 39,0,Country 9,2024-01-19 07:00:00,1
70.76,53,64570.77,150.76,Ad Topic 440,City 40,0,Country 0,2024-01-19 08:00:00,0
64.51,56,62512.67,210.32,Ad Topic 441,City 41,1,Country 1,2024-01-19 09:00:00,1
33.99,27,27984.13,207.42,Ad Topic 442,City 42,1,Country 2,2024-01-19 10:00:00,1
63.66,42,46859.89,253.94,Ad Topic 443,City 43,1,Country 3,2024-01-19 11:00:00,1
45.43,35,43183.24,172.98,Ad Topic 444,City 44,0,Country 4,2024-01-19 12:00:00,0
75.05,36,45687.29,206.75,Ad Topic 445,City 45,1,Country 5,2024-01-19 13:00:00,0
70.5,53,52477.84,183.92,Ad Topic 446,City 46,1,Country 6,2024-01-19 14:00:00,1
50.9,27,47918.64,231.83,Ad Topic 447,City 47,1,Country 7,2024-01-19 15:00:00,1
57.29,50,25310.5,151.25,Ad Topic 448,City 48,0,Country 8,2024-01-19 16:00:00,0
49.11,67,66218.65,209.8,Ad Topic 449,City 49,1,Country 9,2024-01-19 17:00:00,1
64.06,22,38908.85,172.21,Ad Topic 450,City 0,0,Country 0,2024-01-19 18:00:00,0
79.33,64,58588.7,177.43,Ad Topic 451,City 1,1,Country 1,2024-01-19 19:00:00,1
50.21,66,86111.24,183.67,Ad Topic 452,City 2,0,Country 2,2024-01-19 20:00:00,1
72.56,52,41209.23,190.09,Ad Topic 453,City 3,0,Country 3,2024-01-19 21:00:00,1
57.05,61,17045.69,175.35,Ad Topic 454,City 4,0,Country 4,2024-01-19 22:00:00,0
53.11,51,50709.94,188.59,Ad Topic 455,City 5,1,Country 5,2024-01-19 23:00:00,0
63.39,50,71514.39,243.12,Ad Topic 456,City 6,1,Country 6,2024-01-20 00:00:00,0
49.47,38,84375.21,219.42,Ad Topic 457,City 7,0,Country 7,2024-01-20 01:00:00,0
56.7,34,36556.76,214.77,Ad Topic 458,City 8,1,Country 8,2024-01-20 02:00:00,1
47.03,39,62450.49,161.78,Ad Topic 459,City 9,0,Country 9,2024-01-20 03:00:00,1
94.47,65,48020.34,144.43,Ad Topic 460,City 10,0,Country 0,2024-01-20 04:00:00,0
65.53,54,53410.77,218.21,Ad Topic 461,City 11,1,Country 1,2024-01-20 05:00:00,1
54.5,32,94665.15,215.04,Ad Topic 462,City 12,1,Country 2,2024-01-20 06:00:00,1
68.21,52,32455.45,238.91,Ad Topic 463,City 13,1,Country 3,2024-01-20 07:00:00,0
63.32,45,58806.09,155.84,Ad Topic 464,City 14,0,Country 4,2024-01-20 08:00:00,1
61.69,24,62015.4,170.82,Ad Topic 465,City 15,0,Country 5,2024-01-20 09:00:00,1
74.21,49,71286.79,114.42,Ad Topic 466,City 16,1,Country 6,2024-01-20 10:00:00,0
76.36,28,56469.75,164.3,Ad Topic 467,City 17,0,Country 7,2024-01-20 11:00:00,1
57.04,27,59620.76,219.86,Ad Topic 468,City 18,1,Country 8,2024-01-20 12:00:00,1
56.36,26,49125.27,161.34,Ad Topic 469,City 19,0,Country 9,2024-01-20 13:00:00,1
60.87,31,59036.9,205.62,Ad Topic 470,City 20,1,Country 0,2024-01-20 14:00:00,0
30.47,30,49852.12,172.38,Ad Topic 471,City 21,1,Country 1,2024-01-20 15:00:00,0
42.27,42,64323.58,192.96,Ad Topic 472,City 22,0,Country 2,2024-01-20 16:00:00,1
85.5,19,49455.84,134.09,Ad Topic 473,City 23,1,Country 3,2024-01-20 17:00:00,1
89.67,52,60656.51,183.41,Ad Topic 474,City 24,1,Country 4,2024-01-20 18:00:00,1
61.26,24,54561.06,60.35,Ad Topic 475,City 25,0,Country 5,2024-01-20 19:00:00,0
73.65,38,71890.75,172.52,Ad Topic 476,City 26,1,Country 6,2024-01-20 20:00:00,0
69.67,35,54229.09,114.78,Ad Topic 477,City 27,0,Country 7,2024-01-20 21:00:00,0
111.18,20,28404.51,228.24,Ad Topic 478,City 28,1,Country 8,2024-01-20 22:00:00,1
81.79,59,73928.82,211.1,Ad Topic 479,City 29,0,Country 9,2024-01-20 23:00:00,1
63.08,56,41414.02,198.67,Ad Topic 480,City 30,1,Country 0,2024-01-21 00:00:00,1
50.67,58,45193.5,240.84,Ad Topic 481,City 31,1,Country 1,2024-01-21 01:00:00,1
40.9,66,46065.08,142.04,Ad Topic 482,City 32,1,Country 2,2024-01-21 02:00:00,1
68.05,28,75616.57,249.89,Ad Topic 483,City 33,1,Country 3,2024-01-21 03:00:00,0
53.65,56,22964.89,217.29,Ad Topic 484,City 34,0,Country 4,2024-01-21 04:00:00,1
43.67,41,102066.23,170.54,Ad Topic 485,City 35,0,Country 5,2024-01-21 05:00:00,1
55.3,63,70840.85,225.42,Ad Topic 486,City 36,0,Country 6,2024-01-21 06:00:00,1
48.78,36,58348.58,135.75,Ad Topic 487,City 37,0,Country 7,2024-01-21 07:00:00,0
90.31,21,54176.59,147.02,Ad Topic 488,City 38,0,Country 8,2024-01-21 08:00:00,1
78.22,43,59283.31,155.66,Ad Topic 489,City 39,0,Country 9,2024-01-21 09:00:00,0
64.88,55,62816.84,158.84,Ad Topic 490,City 40,0,Country 0,2024-01-21 10:00:00,0
87.2,59,64678.23,137.74,Ad Topic 491,City 41,1,Country 1,2024-01-21 11:00:00,0
66.16,49,63334.07,228.92,Ad Topic 492,City 42,1,Country 2,2024-01-21 12:00:00,0
52.08,56,56343.71,169.65,Ad Topic 493,City 43,1,Country 3,2024-01-21 13:00:00,0
87.85,62,52039.92,194.1,Ad Topic 494,City 44,1,Country 4,2024-01-21 14:00:00,1
73.08,63,52730.9,157.19,Ad Topic 495,City 45,0,Country 5,2024-01-21 15:00:00,1
49.44,53,52076.38,107.18,Ad Topic 496,City 46,0,Country 6,2024-01-21 16:00:00,0
62.14,57,72006.55,190.8,Ad Topic 497,City 47,0,Country 7,2024-01-21 17:00:00,0
51.87,54,63903.35,103.51,Ad Topic 498,City 48,1,Country 8,2024-01-21 18:00:00,0
44.26,50,10894.17,177.25,Ad Topic 499,City 49,0,Country 9,2024-01-21 19:00:00,1
78.89,53,64838.51,125.27,Ad Topic 500,City 0,1,Country 0,2024-01-21 20:00:00,1
93.64,20,57921.04,259.49,Ad Topic 501,City 1,0,Country 1,2024-01-21 21:00:00,0
44.02,26,54719.37,216.45,Ad Topic 502,City 2,0,Country 2,2024-01-21 22:00:00,1
73.44,25,49172.22,184.23,Ad Topic 503,City 3,0,Country 3,2024-01-21 23:00:00,1
55.24,50,71861.69,230.55,Ad Topic 504,City 4,0,Country 4,2024-01-22 00:00:00,0
57.69,23,69212.9,146.15,Ad Topic 505,City 5,1,Country 5,2024-01-22 01:00:00,0
56.11,58,43406.83,201.74,Ad Topic 506,City 6,1,Country 6,2024-01-22 02:00:00,1
52.04,56,61105.78,187.99,Ad Topic 507,City 7,0,Country 7,2024-01-22 03:00:00,1
65.73,21,40425.15,190.56,Ad Topic 508,City 8,1,Country 8,2024-01-22 04:00:00,1
52.54,30,34305.73,230.89,Ad Topic 509,City 9,0,Country 9,2024-01-22 05:00:00,0
69.06,66,45599.24,209.3,Ad Topic 510,City 10,0,Country 0,2024-01-22 06:00:00,0
64.25,19,67935.9,191.55,Ad Topic 511,City 11,0,Country 1,2024-01-22 07:00:00,0
61.42,22,69296.88,113.8,Ad Topic 512,City 12,0,Country 2,2024-01-22 08:00:00,1
51.39,61,62696.28,141.6,Ad Topic 513,City 13,1,Country 3,2024-01-22 09:00:00,1
56.35,44,65876.44,175.09,Ad Topic 514,City 14,0,Country 4,2024-01-22 10:00:00,0
76.33,49,62742.67,183.73,Ad Topic 515,City 15,0,Country 5,2024-01-22 11:00:00,1
72.51,38,45377.78,134.79,Ad Topic 516,City 16,1,Country 6,2024-01-22 12:00:00,0
50.34,25,61478.84,276.47,Ad Topic 517,City 17,0,Country 7,2024-01-22 13:00:00,1
66.49,55,67006.14,240.66,Ad Topic 518,City 18,1,Country 8,2024-01-22 14:00:00,0
76.27,25,66314.37,204.08,Ad Topic 519,City 19,0,Country 9,2024-01-22 15:00:00,1
39.96,67,72833.7,182.88,Ad Topic 520,City 20,0,Country 0,2024-01-22 16:00:00,1
73.15,20,65624.56,171.51,Ad Topic 521,City 21,0,Country 1,2024-01-22 17:00:00,0
55.06,61,60271.72,141.92,Ad Topic 522,City 22,0,Country 2,2024-01-22 18:00:00,0
73.56,20,71052.25,183.1,Ad Topic 523,City 23,0,Country 3,2024-01-22 19:00:00,0
53.55,39,54602.18,190.31,Ad Topic 524,City 24,0,Country 4,2024-01-22 20:00:00,0
37.93,23,41771.88,130.33,Ad Topic 525,City 25,1,Country 5,2024-01-22 21:00:00,0
40.59,19,52554.0,193.37,Ad Topic 526,City 26,0,Country 6,2024-01-22 22:00:00,1
65.72,40,43826.46,173.79,Ad Topic 527,City 27,1,Country 7,2024-01-22 23:00:00,0
68.9,61,44872.33,103.69,Ad Topic 528,City 28,1,Country 8,2024-01-23 00:00:00,0
51.44,19,52832.22,145.58,Ad Topic 529,City 29,0,Country 9,2024-01-23 01:00:00,0
74.58,55,43113.7,163.46,Ad Topic 530,City 30,1,Country 0,2024-01-23 02:00:00,0
40.08,34,50380.58,255.51,Ad Topic 531,City 31,0,Country 1,2024-01-23 03:00:00,0
64.01,52,26595.78,202.26,Ad Topic 532,City 32,1,Country 2,2024-01-23 04:00:00,1
46.83,51,58199.41,126.58,Ad Topic 533,City 33,0,Country 3,2024-01-23 05:00:00,0
55.22,40,55018.08,199.44,Ad Topic 534,City 34,1,Country 4,2024-01-23 06:00:00,0
65.71,47,42743.67,118.11,Ad Topic 535,City 35,1,Country 5,2024-01-23 07:00:00,0
52.09,69,64888.69,223.31,Ad Topic 536,City 36,0,Country 6,2024-01-23 08:00:00,1
59.23,25,69063.55,161.16,Ad Topic 537,City 37,1,Country 7,2024-01-23 09:00:00,1
80.09,39,30886.6,176.25,Ad Topic 538,City 38,0,Country 8,2024-01-23 10:00:00,0
56.35,61,43559.13,233.03,Ad Topic 539,City 39,0,Country 9,2024-01-23 11:00:00,0
77.54,53,43462.86,128.51,Ad Topic 540,City 40,0,Country 0,2024-01-23 12:00:00,1
48.05,22,40901.45,124.12,Ad Topic 541,City 41,0,Country 1,2024-01-23 13:00:00,1
72.95,30,67442.12,156.66,Ad Topic 542,City 42,0,Country 2,2024-01-23 14:00:00,1
86.62,46,52092.61,221.54,Ad Topic 543,City 43,1,Country 3,2024-01-23 15:00:00,0
27.93,48,51032.28,119.23,Ad Topic 544,City 44,1,Country 4,2024-01-23 16:00:00,0
53.05,64,24942.06,66.71,Ad Topic 545,City 45,1,Country 5,2024-01-23 17:00:00,1
73.66,33,64531.27,161.95,Ad Topic 546,City 46,0,Country 6,2024-01-23 18:00:00,0
61.95,59,36411.12,202.07,Ad Topic 547,City 47,1,Country 7,2024-01-23 19:00:00,1
70.57,47,55898.99,228.01,Ad Topic 548,City 48,1,Country 8,2024-01-23 20:00:00,1
55.94,33,59160.65,161.47,Ad Topic 549,City 49,1,Country 9,2024-01-23 21:00:00,1
66.3,29,75409.88,163.54,Ad Topic 550,City 0,1,Country 0,2024-01-23 22:00:00,0
62.66,34,35367.69,226.16,Ad Topic 551,City 1,1,Country 1,2024-01-23 23:00:00,1
82.52,33,9707.32,105.21,Ad Topic 552,City 2,0,Country 2,2024-01-24 00:00:00,1
68.82,29,57757.74,164.46,Ad Topic 553,City 3,0,Country 3,2024-01-24 01:00:00,0
70.06,25,82007.67,187.62,Ad Topic 554,City 4,1,Country 4,2024-01-24 02:00:00,1
58.82,37,73584.2,197.97,Ad Topic 555,City 5,0,Country 5,2024-01-24 03:00:00,0
57.69,20,58144.89,159.61,Ad Topic 556,City 6,0,Country 6,2024-01-24 04:00:00,1
58.51,33,47625.46,181.38,Ad Topic 557,City 7,1,Country 7,2024-01-24 05:00:00,0
70.92,47,67106.84,80.47,Ad Topic 558,City 8,1,Country 8,2024-01-24 06:00:00,1
58.69,62,40396.81,153.67,Ad Topic 559,City 9,0,Country 9,2024-01-24 07:00:00,1
69.35,40,62145.37,198.14,Ad Topic 560,City 10,1,Country 0,2024-01-24 08:00:00,1
96.13,45,62582.05,140.71,Ad Topic 561,City 11,0,Country 1,2024-01-24 09:00:00,1
78.07,68,70903.15,182.36,Ad Topic 562,City 12,0,Country 2,2024-01-24 10:00:00,1
60.11,57,96394.9,197.87,Ad Topic 563,City 13,1,Country 3,2024-01-24 11:00:00,0
83.02,22,60886.24,166.3,Ad Topic 564,City 14,0,Country 4,2024-01-24 12:00:00,0
58.88,37,47365.55,186.82,Ad Topic 565,City 15,0,Country 5,2024-01-24 13:00:00,1
34.43,57,54616.39,141.49,Ad Topic 566,City 16,0,Country 6,2024-01-24 14:00:00,1
49.88,61,28463.86,171.74,Ad Topic 567,City 17,1,Country 7,2024-01-24 15:00:00,1
36.94,18,44579.3,204.41,Ad Topic 568,City 18,1,Country 8,2024-01-24 16:00:00,0
59.73,47,48860.76,186.28,Ad Topic 569,City 19,1,Country 9,2024-01-24 17:00:00,0
65.28,38,47138.67,156.54,Ad Topic 570,City 20,1,Country 0,2024-01-24 18:00:00,1
90.15,37,57285.32,188.97,Ad Topic 571,City 21,0,Country 1,2024-01-24 19:00:00,0
69.9,23,42663.7,208.58,Ad Topic 572,City 22,1,Country 2,2024-01-24 20:00:00,1
61.71,39,71815.46,98.0,Ad Topic 573,City 23,1,Country 3,2024-01-24 21:00:00,1
77.44,35,55003.11,226.36,Ad Topic 574,City 24,1,Country 4,2024-01-24 22:00:00,1
31.83,25,54860.5,166.55,Ad Topic 575,City 25,1,Country 5,2024-01-24 23:00:00,0
68.53,56,50081.58,197.02,Ad Topic 576,City 26,0,Country 6,2024-01-25 00:00:00,1
76.56,49,57327.86,227.89,Ad Topic 577,City 27,0,Country 7,2024-01-25 01:00:00,1
42.82,50,67376.47,125.13,Ad Topic 578,City 28,0,Country 8,2024-01-25 02:00:00,1
82.16,33,41993.05,151.62,Ad Topic 579,City 29,1,Country 9,2024-01-25 03:00:00,0
70.08,29,45128.25,168.46,Ad Topic 580,City 30,1,Country 0,2024-01-25 04:00:00,0
58.77,55,50444.11,148.65,Ad Topic 581,City 31,0,Country 1,2024-01-25 05:00:00,0
74.49,69,34811.94,249.4,Ad Topic 582,City 32,1,Country 2,2024-01-25 06:00:00,1
99.06,51,42711.13,145.73,Ad Topic 583,City 33,1,Country 3,2024-01-25 07:00:00,0
67.73,31,47856.69,157.78,Ad Topic 584,City 34,0,Country 4,2024-01-25 08:00:00,1
68.72,53,68115.84,188.18,Ad Topic 585,City 35,0,Country 5,2024-01-25 09:00:00,0
58.11,50,58938.42,131.91,Ad Topic 586,City 36,1,Country 6,2024-01-25 10:00:00,1
52.25,40,57903.85,164.17,Ad Topic 587,City 37,1,Country 7,2024-01-25 11:00:00,0
77.46,67,67763.47,192.7,Ad Topic 588,City 38,1,Country 8,2024-01-25 12:00:00,1
52.16,62,52939.42,166.69,Ad Topic 589,City 39,0,Country 9,2024-01-25 13:00:00,0
66.07,19,60856.97,176.26,Ad Topic 590,City 40,0,Country 0,2024-01-25 14:00:00,0
57.84,58,53451.67,158.83,Ad Topic 591,City 41,0,Country 1,2024-01-25 15:00:00,0
72.18,38,58980.44,119.42,Ad Topic 592,City 42,0,Country 2,2024-01-25 16:00:00,1
70.0,19,46258.62,192.86,Ad Topic 593,City 43,1,Country 3,2024-01-25 17:00:00,0
80.56,44,18417.74,250.2,Ad Topic 594,City 44,0,Country 4,2024-01-25 18:00:00,0
57.35,26,52985.81,180.74,Ad Topic 595,City 45,0,Country 5,2024-01-25 19:00:00,0
60.95,18,76341.22,189.01,Ad Topic 596,City 46,1,Country 6,2024-01-25 20:00:00,0
50.32,28,68893.23,207.71,Ad Topic 597,City 47,1,Country 7,2024-01-25 21:00:00,1
58.34,20,69480.96,129.23,Ad Topic 598,City 48,1,Country 8,2024-01-25 22:00:00,0
70.66,69,73541.96,248.1,Ad Topic 599,City 49,0,Country 9,2024-01-25 23:00:00,1
76.35,40,56329.86,188.09,Ad Topic 600,City 0,1,Country 0,2024-01-26 00:00:00,1
51.17,43,57959.74,245.27,Ad Topic 601,City 1,1,Country 1,2024-01-26 01:00:00,1
78.04,21,45735.22,150.68,Ad Topic 602,City 2,0,Country 2,2024-01-26 02:00:00,1
85.33,35,50258.91,252.72,Ad Topic 603,City 3,0,Country 3,2024-01-26 03:00:00,0
71.2,23,64236.57,211.01,Ad Topic 604,City 4,1,Country 4,2024-01-26 04:00:00,1
93.15,52,73058.27,202.12,Ad Topic 605,City 5,0,Country 5,2024-01-26 05:00:00,1
53.39,39,52908.31,189.36,Ad Topic 606,City 6,1,Country 6,2024-01-26 06:00:00,1
46.33,60,48247.16,170.06,Ad Topic 607,City 7,1,Country 7,2024-01-26 07:00:00,1
38.32,32,55007.92,228.02,Ad Topic 608,City 8,0,Country 8,2024-01-26 08:00:00,0
87.44,39,64018.1,185.61,Ad Topic 609,City 9,1,Country 9,2024-01-26 09:00:00,0
74.82,54,33342.18,101.32,Ad Topic 610,City 10,0,Country 0,2024-01-26 10:00:00,1
64.17,69,20557.29,135.31,Ad Topic 611,City 11,0,Country 1,2024-01-26 11:00:00,1
69.2,59,46741.95,172.57,Ad Topic 612,City 12,0,Country 2,2024-01-26 12:00:00,1
48.12,29,36689.31,192.4,Ad Topic 613,City 13,1,Country 3,2024-01-26 13:00:00,0
101.69,64,47377.9,177.74,Ad Topic 614,City 14,0,Country 4,2024-01-26 14:00:00,0
66.94,66,52783.3,228.76,Ad Topic 615,City 15,0,Country 5,2024-01-26 15:00:00,0
66.64,59,48201.27,101.96,Ad Topic 616,City 16,1,Country 6,2024-01-26 16:00:00,0
75.89,55,76787.01,185.74,Ad Topic 617,City 17,1,Country 7,2024-01-26 17:00:00,0
72.22,35,59901.17,107.28,Ad Topic 618,City 18,1,Country 8,2024-01-26 18:00:00,1
68.36,62,59507.12,210.39,Ad Topic 619,City 19,1,Country 9,2024-01-26 19:00:00,0
53.14,52,64333.11,176.22,Ad Topic 620,City 20,0,Country 0,2024-01-26 20:00:00,0
72.07,47,37917.5,196.78,Ad Topic 621,City 21,0,Country 1,2024-01-26 21:00:00,1
93.23,41,70586.68,145.44,Ad Topic 622,City 22,0,Country 2,2024-01-26 22:00:00,0
85.18,59,53863.54,231.18,Ad Topic 623,City 23,1,Country 3,2024-01-26 23:00:00,0
88.9,47,65057.21,221.67,Ad Topic 624,City 24,1,Country 4,2024-01-27 00:00:00,0
57.33,31,38922.14,203.34,Ad Topic 625,City 25,0,Country 5,2024-01-27 01:00:00,1
50.16,23,31693.62,174.82,Ad Topic 626,City 26,1,Country 6,2024-01-27 02:00:00,0
63.11,20,67268.34,203.19,Ad Topic 627,City 27,1,Country 7,2024-01-27 03:00:00,1
65.84,33,60646.14,151.72,Ad Topic 628,City 28,0,Country 8,2024-01-27 04:00:00,1
81.41,24,41469.23,214.22,Ad Topic 629,City 29,0,Country 9,2024-01-27 05:00:00,0
39.61,69,41955.05,245.98,Ad Topic 630,City 30,1,Country 0,2024-01-27 06:00:00,0
87.94,31,71881.52,222.82,Ad Topic 631,City 31,1,Country 1,2024-01-27 07:00:00,0
62.63,26,37158.82,150.82,Ad Topic 632,City 32,1,Country 2,2024-01-27 08:00:00,0
58.6,32,79640.09,194.46,Ad Topic 633,City 33,0,Country 3,2024-01-27 09:00:00,1
49.82,38,41490.69,128.27,Ad Topic 634,City 34,0,Country 4,2024-01-27 10:00:00,0
40.18,52,64575.88,202.9,Ad Topic 635,City 35,0,Country 5,2024-01-27 11:00:00,1
77.35,19,50070.72,198.02,Ad Topic 636,City 36,0,Country 6,2024-01-27 12:00:00,1
66.1,44,64047.81,105.21,Ad Topic 637,City 37,0,Country 7,2024-01-27 13:00:00,1
45.65,19,46838.29,133.53,Ad Topic 638,City 38,1,Country 8,2024-01-27 14:00:00,1
45.57,52,52558.11,168.67,Ad Topic 639,City 39,1,Country 9,2024-01-27 15:00:00,1
59.96,35,55613.79,167.97,Ad Topic 640,City 40,1,Country 0,2024-01-27 16:00:00,0
90.04,31,39967.19,131.62,Ad Topic 641,City 41,0,Country 1,2024-01-27 17:00:00,1
61.11,37,66112.37,195.56,Ad Topic 642,City 42,0,Country 2,2024-01-27 18:00:00,1
42.45,35,47301.8,190.06,Ad Topic 643,City 43,0,Country 3,2024-01-27 19:00:00,0
61.31,27,51571.0,172.23,Ad Topic 644,City 44,1,Country 4,2024-01-27 20:00:00,0
60.91,42,40084.76,149.77,Ad Topic 645,City 45,0,Country 5,2024-01-27 21:00:00,1
24.55,19,16565.0,221.95,Ad Topic 646,City 46,0,Country 6,2024-01-27 22:00:00,1
64.19,42,52134.58,246.22,Ad Topic 647,City 47,1,Country 7,2024-01-27 23:00:00,0
61.54,50,91189.23,160.66,Ad Topic 648,City 48,0,Country 8,2024-01-28 00:00:00,1
75.44,53,66769.06,155.51,Ad Topic 649,City 49,1,Country 9,2024-01-28 01:00:00,0
92.73,48,54711.09,199.65,Ad Topic 650,City 0,0,Country 0,2024-01-28 02:00:00,0
81.9,31,51056.64,165.68,Ad Topic 651,City 1,0,Country 1,2024-01-28 03:00:00,1
60.97,18,55336.99,174.42,Ad Topic 652,City 2,1,Country 2,2024-01-28 04:00:00,0
48.4,63,63206.79,209.59,Ad Topic 653,City 3,1,Country 3,2024-01-28 05:00:00,1
103.6,33,37287.81,103.63,Ad Topic 654,City 4,1,Country 4,2024-01-28 06:00:00,1
65.89,63,71714.83,232.73,Ad Topic 655,City 5,1,Country 5,2024-01-28 07:00:00,1
65.21,69,65730.72,182.91,Ad Topic 656,City 6,1,Country 6,2024-01-28 08:00:00,0
64.64,20,65772.79,163.54,Ad Topic 657,City 7,1,Country 7,2024-01-28 09:00:00,1
67.97,52,61577.14,176.43,Ad Topic 658,City 8,0,Country 8,2024-01-28 10:00:00,0
62.83,58,55294.25,178.5,Ad Topic 659,City 9,0,Country 9,2024-01-28 11:00:00,1
56.4,23,65092.92,110.75,Ad Topic 660,City 10,1,Country 0,2024-01-28 12:00:00,1
56.8,42,63877.21,239.8,Ad Topic 661,City 11,0,Country 1,2024-01-28 13:00:00,0
64.51,30,49689.39,181.65,Ad Topic 662,City 12,1,Country 2,2024-01-28 14:00:00,1
56.85,51,46395.97,197.72,Ad Topic 663,City 13,0,Country 3,2024-01-28 15:00:00,1
54.31,25,56527.84,218.06,Ad Topic 664,City 14,1,Country 4,2024-01-28 16:00:00,0
66.6,38,78235.3,139.15,Ad Topic 665,City 15,0,Country 5,2024-01-28 17:00:00,0
61.18,51,36413.39,198.94,Ad Topic 666,City 16,0,Country 6,2024-01-28 18:00:00,0
87.56,21,32987.12,169.29,Ad Topic 667,City 17,0,Country 7,2024-01-28 19:00:00,1
25.24,42,57471.41,213.87,Ad Topic 668,City 18,0,Country 8,2024-01-28 20:00:00,0
81.37,32,55763.32,94.91,Ad Topic 669,City 19,0,Country 9,2024-01-28 21:00:00,0
83.69,21,57600.12,176.04,Ad Topic 670,City 20,1,Country 0,2024-01-28 22:00:00,1
33.9,62,58659.3,155.89,Ad Topic 671,City 21,1,Country 1,2024-01-28 23:00:00,0
59.86,29,51651.97,197.29,Ad Topic 672,City 22,1,Country 2,2024-01-29 00:00:00,1
59.43,49,77347.95,198.8,Ad Topic 673,City 23,0,Country 3,2024-01-29 01:00:00,1
43.89,49,30986.44,151.69,Ad Topic 674,City 24,1,Country 4,2024-01-29 02:00:00,0
53.33,45,42572.54,151.51,Ad Topic 675,City 25,0,Country 5,2024-01-29 03:00:00,1
48.34,30,53451.18,175.57,Ad Topic 676,City 26,0,Country 6,2024-01-29 04:00:00,0
91.28,48,30352.17,144.13,Ad Topic 677,City 27,0,Country 7,2024-01-29 05:00:00,0
79.04,31,52362.18,213.68,Ad Topic 678,City 28,1,Country 8,2024-01-29 06:00:00,0
84.07,37,79922.05,165.23,Ad Topic 679,City 29,0,Country 9,2024-01-29 07:00:00,0
75.83,35,55313.3,63.72,Ad Topic 680,City 30,1,Country 0,2024-01-29 08:00:00,1
48.06,46,58460.51,165.01,Ad Topic 681,City 31,1,Country 1,2024-01-29 09:00:00,1
57.13,23,36097.53,138.46,Ad Topic 682,City 32,0,Country 2,2024-01-29 10:00:00,0
72.34,49,45754.58,114.75,Ad Topic 683,City 33,0,Country 3,2024-01-29 11:00:00,0
46.67,46,49372.05,130.5,Ad Topic 684,City 34,1,Country 4,2024-01-29 12:00:00,1
75.69,60,50234.27,184.38,Ad Topic 685,City 35,1,Country 5,2024-01-29 13:00:00,0
61.4,19,74224.66,233.15,Ad Topic 686,City 36,1,Country 6,2024-01-29 14:00:00,1
59.38,40,63365.37,192.53,Ad Topic 687,City 37,1,Country 7,2024-01-29 15:00:00,0
75.66,36,38328.13,155.74,Ad Topic 688,City 38,1,Country 8,2024-01-29 16:00:00,1
71.66,48,58697.57,198.24,Ad Topic 689,City 39,1,Country 9,2024-01-29 17:00:00,1
59.59,68,62473.33,161.64,Ad Topic 690,City 40,0,Country 0,2024-01-29 18:00:00,1
82.39,22,72102.24,152.22,Ad Topic 691,City 41,1,Country 1,2024-01-29 19:00:00,0
48.78,36,78708.11,133.83,Ad Topic 692,City 42,1,Country 2,2024-01-29 20:00:00,0
74.24,51,39773.59,109.93,Ad Topic 693,City 43,1,Country 3,2024-01-29 21:00:00,0
73.9,27,42837.14,164.4,Ad Topic 694,City 44,1,Country 4,2024-01-29 22:00:00,0
60.36,42,36136.33,186.32,Ad Topic 695,City 45,0,Country 5,2024-01-29 23:00:00,0
69.89,19,51489.7,176.14,Ad Topic 696,City 46,0,Country 6,2024-01-30 00:00:00,1
46.23,28,61995.38,163.36,Ad Topic 697,City 47,1,Country 7,2024-01-30 01:00:00,1
78.86,67,69810.02,142.17,Ad Topic 698,City 48,1,Country 8,2024-01-30 02:00:00,1
62.23,48,53860.73,204.33,Ad Topic 699,City 49,1,Country 9,2024-01-30 03:00:00,1
57.16,32,50202.29,127.31,Ad Topic 700,City 0,0,Country 0,2024-01-30 04:00:00,1
80.74,26,57276.37,211.04,Ad Topic 701,City 1,0,Country 1,2024-01-30 05:00:00,1
54.43,40,42472.86,139.91,Ad Topic 702,City 2,0,Country 2,2024-01-30 06:00:00,1
43.87,36,86343.08,149.9,Ad Topic 703,City 3,0,Country 3,2024-01-30 07:00:00,0
41.65,26,30885.08,121.33,Ad Topic 704,City 4,0,Country 4,2024-01-30 08:00:00,1
74.09,52,57771.11,159.94,Ad Topic 705,City 5,0,Country 5,2024-01-30 09:00:00,0
45.79,38,85354.09,219.01,Ad Topic 706,City 6,1,Country 6,2024-01-30 10:00:00,1
91.32,26,55102.0,200.63,Ad Topic 707,City 7,0,Country 7,2024-01-30 11:00:00,1
33.77,45,52149.41,219.14,Ad Topic 708,City 8,0,Country 8,2024-01-30 12:00:00,0
90.45,63,49638.32,200.89,Ad Topic 709,City 9,1,Country 9,2024-01-30 13:00:00,1
68.17,68,52294.12,135.85,Ad Topic 710,City 10,0,Country 0,2024-01-30 14:00:00,0
63.55,24,75592.73,166.77,Ad Topic 711,City 11,1,Country 1,2024-01-30 15:00:00,1
56.83,33,21822.07,148.79,Ad Topic 712,City 12,0,Country 2,2024-01-30 16:00:00,0
70.99,33,78001.51,233.22,Ad Topic 713,City 13,1,Country 3,2024-01-30 17:00:00,1
64.44,50,33640.64,132.13,Ad Topic 714,City 14,1,Country 4,2024-01-30 18:00:00,0
81.55,21,51000.22,215.75,Ad Topic 715,City 15,1,Country 5,2024-01-30 19:00:00,0
66.71,21,48561.33,215.72,Ad Topic 716,City 16,1,Country 6,2024-01-30 20:00:00,1
67.25,56,63828.3,253.18,Ad Topic 717,City 17,1,Country 7,2024-01-30 21:00:00,1
59.55,57,31028.13,163.61,Ad Topic 718,City 18,0,Country 8,2024-01-30 22:00:00,0
64.15,34,61932.59,208.49,Ad Topic 719,City 19,0,Country 9,2024-01-30 23:00:00,1
69.62,54,85364.64,271.27,Ad Topic 720,City 20,1,Country 0,2024-01-31 00:00:00,0
39.35,56,34552.39,155.29,Ad Topic 721,City 21,1,Country 1,2024-01-31 01:00:00,1
44.78,69,57845.59,118.6,Ad Topic 722,City 22,1,Country 2,2024-01-31 02:00:00,0
76.15,46,45070.27,104.8,Ad Topic 723,City 23,0,Country 3,2024-01-31 03:00:00,1
67.56,69,61388.31,208.51,Ad Topic 724,City 24,1,Country 4,2024-01-31 04:00:00,0
62.24,53,55287.22,104.67,Ad Topic 725,City 25,1,Country 5,2024-01-31 05:00:00,1
65.28,55,45377.7,165.11,Ad Topic 726,City 26,1,Country 6,2024-01-31 06:00:00,0
70.21,56,62318.08,197.49,Ad Topic 727,City 27,1,Country 7,2024-01-31 07:00:00,0
56.9,67,82065.22,187.41,Ad Topic 728,City 28,0,Country 8,2024-01-31 08:00:00,1
53.33,54,52136.44,197.02,Ad Topic 729,City 29,1,Country 9,2024-01-31 09:00:00,1
67.94,69,65796.37,188.89,Ad Topic 730,City 30,1,Country 0,2024-01-31 10:00:00,0
50.32,52,35600.91,231.15,Ad Topic 731,City 31,0,Country 1,2024-01-31 11:00:00,0
71.12,24,40653.45,141.91,Ad Topic 732,City 32,1,Country 2,2024-01-31 12:00:00,0
39.46,44,62086.09,152.92,Ad Topic 733,City 33,1,Country 3,2024-01-31 13:00:00,0
80.44,45,77261.74,149.09,Ad Topic 734,City 34,0,Country 4,2024-01-31 14:00:00,1
72.09,39,60334.2,213.21,Ad Topic 735,City 35,0,Country 5,2024-01-31 15:00:00,0
68.84,31,50304.13,216.02,Ad Topic 736,City 36,0,Country 6,2024-01-31 16:00:00,0
79.74,24,54989.37,198.05,Ad Topic 737,City 37,1,Country 7,2024-01-31 17:00:00,0
89.98,54,36243.88,227.34,Ad Topic 738,City 38,1,Country 8,2024-01-31 18:00:00,1
80.22,39,64067.73,132.88,Ad Topic 739,City 39,0,Country 9,2024-01-31 19:00:00,0
37.39,22,68235.0,246.69,Ad Topic 740,City 40,0,Country 0,2024-01-31 20:00:00,1
45.81,19,48218.65,240.93,Ad Topic 741,City 41,0,Country 1,2024-01-31 21:00:00,1
55.63,44,47949.37,209.42,Ad Topic 742,City 42,1,Country 2,2024-01-31 22:00:00,1
65.39,38,58988.17,251.27,Ad Topic 743,City 43,1,Country 3,2024-01-31 23:00:00,1
72.76,55,48449.2,113.74,Ad Topic 744,City 44,0,Country 4,2024-02-01 00:00:00,1
54.11,32,54008.01,159.02,Ad Topic 745,City 45,1,Country 5,2024-02-01 01:00:00,1
67.8,38,86495.83,150.59,Ad Topic 746,City 46,0,Country 6,2024-02-01 02:00:00,1
53.67,27,51294.61,208.86,Ad Topic 747,City 47,1,Country 7,2024-02-01 03:00:00,0
55.83,40,49624.9,137.99,Ad Topic 748,City 48,1,Country 8,2024-02-01 04:00:00,0
43.9,56,45286.87,210.3,Ad Topic 749,City 49,1,Country 9,2024-02-01 05:00:00,1
51.15,22,66162.88,234.82,Ad Topic 750,City 0,1,Country 0,2024-02-01 06:00:00,0
44.72,18,52281.64,207.81,Ad Topic 751,City 1,0,Country 1,2024-02-01 07:00:00,0
50.36,30,45259.4,191.35,Ad Topic 752,City 2,1,Country 2,2024-02-01 08:00:00,1
80.8,38,74819.56,140.49,Ad Topic 753,City 3,1,Country 3,2024-02-01 09:00:00,0
50.76,43,76294.05,146.13,Ad Topic 754,City 4,0,Country 4,2024-02-01 10:00:00,1
104.49,67,45993.65,229.98,Ad Topic 755,City 5,1,Country 5,2024-02-01 11:00:00,0
72.4,62,27001.9,211.17,Ad Topic 756,City 6,0,Country 6,2024-02-01 12:00:00,1
67.77,38,70112.71,178.44,Ad Topic 757,City 7,0,Country 7,2024-02-01 13:00:00,1
52.12,35,44730.55,163.28,Ad Topic 758,City 8,1,Country 8,2024-02-01 14:00:00,0
75.5,54,66859.38,98.97,Ad Topic 759,City 9,1,Country 9,2024-02-01 15:00:00,0
56.37,62,25448.44,137.17,Ad Topic 760,City 10,0,Country 0,2024-02-01 16:00:00,1
66.83,49,68388.96,256.46,Ad Topic 761,City 11,0,Country 1,2024-02-01 17:00:00,1
103.4,53,36832.42,128.78,Ad Topic 762,City 12,0,Country 2,2024-02-01 18:00:00,1
63.56,34,65961.46,187.58,Ad Topic 763,City 13,1,Country 3,2024-02-01 19:00:00,0
82.24,52,55214.1,220.3,Ad Topic 764,City 14,0,Country 4,2024-02-01 20:00:00,0
54.45,66,40690.91,129.8,Ad Topic 765,City 15,0,Country 5,2024-02-01 21:00:00,0
64.48,28,48894.46,187.39,Ad Topic 766,City 16,0,Country 6,2024-02-01 22:00:00,0
91.56,38,65294.78,217.52,Ad Topic 767,City 17,1,Country 7,2024-02-01 23:00:00,1
55.6,69,56588.42,180.5,Ad Topic 768,City 18,0,Country 8,2024-02-02 00:00:00,1
92.19,43,63766.19,294.74,Ad Topic 769,City 19,1,Country 9,2024-02-02 01:00:00,1
75.62,21,84646.61,113.26,Ad Topic 770,City 20,1,Country 0,2024-02-02 02:00:00,1
56.56,51,31536.38,222.35,Ad Topic 771,City 21,0,Country 1,2024-02-02 03:00:00,0
74.49,69,79258.19,173.09,Ad Topic 772,City 22,1,Country 2,2024-02-02 04:00:00,1
79.59,65,56565.34,210.88,Ad Topic 773,City 23,0,Country 3,2024-02-02 05:00:00,1
74.33,35,41518.24,197.65,Ad Topic 774,City 24,1,Country 4,2024-02-02 06:00:00,0
41.45,57,35045.3,150.67,Ad Topic 775,City 25,1,Country 5,2024-02-02 07:00:00,0
54.09,52,52163.19,189.16,Ad Topic 776,City 26,0,Country 6,2024-02-02 08:00:00,1
61.29,58,68824.75,105.68,Ad Topic 777,City 27,0,Country 7,2024-02-02 09:00:00,0
63.88,46,53086.76,204.13,Ad Topic 778,City 28,0,Country 8,2024-02-02 10:00:00,1
74.31,69,77667.32,191.93,Ad Topic 779,City 29,1,Country 9,2024-02-02 11:00:00,0
67.67,46,33232.36,205.55,Ad Topic 780,City 30,1,Country 0,2024-02-02 12:00:00,0
44.97,55,54818.67,222.32,Ad Topic 781,City 31,0,Country 1,2024-02-02 13:00:00,1
70.7,59,36214.1,194.7,Ad Topic 782,City 32,0,Country 2,2024-02-02 14:00:00,0
74.16,38,60454.48,185.92,Ad Topic 783,City 33,1,Country 3,2024-02-02 15:00:00,1
73.4,59,68303.31,144.76,Ad Topic 784,City 34,1,Country 4,2024-02-02 16:00:00,0
81.21,30,48688.57,151.51,Ad Topic 785,City 35,1,Country 5,2024-02-02 17:00:00,0
77.51,66,15936.79,227.47,Ad Topic 786,City 36,0,Country 6,2024-02-02 18:00:00,0
71.89,58,57984.22,237.45,Ad Topic 787,City 37,1,Country 7,2024-02-02 19:00:00,0
63.95,34,61551.08,170.48,Ad Topic 788,City 38,0,Country 8,2024-02-02 20:00:00,0
40.09,26,61064.42,181.84,Ad Topic 789,City 39,1,Country 9,2024-02-02 21:00:00,1
71.44,58,73536.73,143.82,Ad Topic 790,City 40,1,Country 0,2024-02-02 22:00:00,0
68.12,18,38934.19,226.91,Ad Topic 791,City 41,0,Country 1,2024-02-02 23:00:00,1
69.07,19,65203.24,206.62,Ad Topic 792,City 42,0,Country 2,2024-02-03 00:00:00,0
45.85,65,72887.61,257.65,Ad Topic 793,City 43,0,Country 3,2024-02-03 01:00:00,1
48.78,46,28321.19,144.87,Ad Topic 794,City 44,1,Country 4,2024-02-03 02:00:00,0
80.8,50,59794.78,164.88,Ad Topic 795,City 45,1,Country 5,2024-02-03 03:00:00,1
64.41,27,47437.3,189.26,Ad Topic 796,City 46,1,Country 6,2024-02-03 04:00:00,1
75.22,67,53777.16,205.86,Ad Topic 797,City 47,0,Country 7,2024-02-03 05:00:00,0
65.42,57,60215.15,171.37,Ad Topic 798,City 48,1,Country 8,2024-02-03 06:00:00,0
65.45,38,47691.57,145.08,Ad Topic 799,City 49,0,Country 9,2024-02-03 07:00:00,0
79.07,45,44864.38,215.26,Ad Topic 800,City 0,0,Country 0,2024-02-03 08:00:00,1
57.26,28,55512.29,208.85,Ad Topic 801,City 1,0,Country 1,2024-02-03 09:00:00,1
66.44,51,38691.31,143.35,Ad Topic 802,City 2,1,Country 2,2024-02-03 10:00:00,0
58.07,25,38712.62,234.22,Ad Topic 803,City 3,1,Country 3,2024-02-03 11:00:00,0
58.48,39,65190.6,226.81,Ad Topic 804,City 4,0,Country 4,2024-02-03 12:00:00,1
60.36,25,37768.09,185.37,Ad Topic 805,City 5,1,Country 5,2024-02-03 13:00:00,1
68.33,66,64994.69,183.18,Ad Topic 806,City 6,0,Country 6,2024-02-03 14:00:00,0
57.82,32,61938.87,202.16,Ad Topic 807,City 7,0,Country 7,2024-02-03 15:00:00,1
83.84,34,29112.9,145.53,Ad Topic 808,City 8,1,Country 8,2024-02-03 16:00:00,0
51.58,40,44836.53,181.2,Ad Topic 809,City 9,0,Country 9,2024-02-03 17:00:00,0
62.2,41,72911.64,93.9,Ad Topic 810,City 10,0,Country 0,2024-02-03 18:00:00,0
58.4,62,40282.52,215.06,Ad Topic 811,City 11,1,Country 1,2024-02-03 19:00:00,1
86.7,36,48033.94,117.54,Ad Topic 812,City 12,0,Country 2,2024-02-03 20:00:00,1
67.95,22,61930.91,240.14,Ad Topic 813,City 13,0,Country 3,2024-02-03 21:00:00,1
80.48,49,66750.86,166.8,Ad Topic 814,City 14,0,Country 4,2024-02-03 22:00:00,1
42.72,61,51226.92,171.53,Ad Topic 815,City 15,0,Country 5,2024-02-03 23:00:00,0
69.01,18,46037.35,154.89,Ad Topic 816,City 16,0,Country 6,2024-02-04 00:00:00,1
78.34,40,76335.55,168.48,Ad Topic 817,City 17,0,Country 7,2024-02-04 01:00:00,0
66.23,54,81083.49,236.74,Ad Topic 818,City 18,0,Country 8,2024-02-04 02:00:00,0
80.98,25,69682.87,80.49,Ad Topic 819,City 19,1,Country 9,2024-02-04 03:00:00,0
57.24,30,56279.77,231.08,Ad Topic 820,City 20,1,Country 0,2024-02-04 04:00:00,1
86.14,25,42876.01,193.52,Ad Topic 821,City 21,0,Country 1,2024-02-04 05:00:00,0
99.48,40,42543.33,131.72,Ad Topic 822,City 22,0,Country 2,2024-02-04 06:00:00,0
59.56,60,62837.71,136.99,Ad Topic 823,City 23,1,Country 3,2024-02-04 07:00:00,1
58.32,18,61275.97,247.06,Ad Topic 824,City 24,1,Country 4,2024-02-04 08:00:00,0
86.8,62,76023.98,142.18,Ad Topic 825,City 25,1,Country 5,2024-02-04 09:00:00,1
88.69,68,64756.75,133.87,Ad Topic 826,City 26,1,Country 6,2024-02-04 10:00:00,1
57.16,41,32453.8,225.49,Ad Topic 827,City 27,1,Country 7,2024-02-04 11:00:00,1
58.7,52,70779.21,193.54,Ad Topic 828,City 28,0,Country 8,2024-02-04 12:00:00,0
60.77,41,40029.09,142.48,Ad Topic 829,City 29,1,Country 9,2024-02-04 13:00:00,1
44.83,34,49240.43,188.66,Ad Topic 830,City 30,1,Country 0,2024-02-04 14:00:00,1
51.22,22,58753.0,138.97,Ad Topic 831,City 31,1,Country 1,2024-02-04 15:00:00,1
49.94,37,84935.01,224.03,Ad Topic 832,City 32,0,Country 2,2024-02-04 16:00:00,1
53.48,38,101648.78,222.45,Ad Topic 833,City 33,0,Country 3,2024-02-04 17:00:00,0
64.48,57,64100.85,201.28,Ad Topic 834,City 34,0,Country 4,2024-02-04 18:00:00,1
68.51,48,52252.05,194.47,Ad Topic 835,City 35,0,Country 5,2024-02-04 19:00:00,0
88.26,63,63017.58,250.45,Ad Topic 836,City 36,0,Country 6,2024-02-04 20:00:00,1
50.02,53,68314.83,179.99,Ad Topic 837,City 37,0,Country 7,2024-02-04 21:00:00,0
79.76,28,50189.99,132.73,Ad Topic 838,City 38,1,Country 8,2024-02-04 22:00:00,1
61.79,69,81928.17,197.98,Ad Topic 839,City 39,0,Country 9,2024-02-04 23:00:00,0
64.26,32,58451.06,263.44,Ad Topic 840,City 40,0,Country 0,2024-02-05 00:00:00,1
75.12,36,62466.15,139.41,Ad Topic 841,City 41,1,Country 1,2024-02-05 01:00:00,0
48.16,24,64988.86,165.54,Ad Topic 842,City 42,0,Country 2,2024-02-05 02:00:00,0
70.74,68,61323.8,196.66,Ad Topic 843,City 43,1,Country 3,2024-02-05 03:00:00,0
67.5,45,67584.11,177.84,Ad Topic 844,City 44,1,Country 4,2024-02-05 04:00:00,1
72.39,68,45741.2,140.71,Ad Topic 845,City 45,0,Country 5,2024-02-05 05:00:00,0
69.34,60,46625.47,224.87,Ad Topic 846,City 46,1,Country 6,2024-02-05 06:00:00,0
101.83,22,38497.69,272.8,Ad Topic 847,City 47,1,Country 7,2024-02-05 07:00:00,0
55.43,22,61592.52,187.85,Ad Topic 848,City 48,1,Country 8,2024-02-05 08:00:00,0
57.04,47,66684.05,143.84,Ad Topic 849,City 49,1,Country 9,2024-02-05 09:00:00,1
55.65,49,61866.59,118.04,Ad Topic 850,City 0,0,Country 0,2024-02-05 10:00:00,0
56.67,25,80117.39,190.32,Ad Topic 851,City 1,1,Country 1,2024-02-05 11:00:00,0
55.44,27,54916.06,224.16,Ad Topic 852,City 2,0,Country 2,2024-02-05 12:00:00,0
82.84,55,65031.12,199.01,Ad Topic 853,City 3,1,Country 3,2024-02-05 13:00:00,1
86.31,64,38624.49,179.9,Ad Topic 854,City 4,1,Country 4,2024-02-05 14:00:00,0
56.44,49,49193.5,156.43,Ad Topic 855,City 5,1,Country 5,2024-02-05 15:00:00,0
52.51,65,65433.07,136.31,Ad Topic 856,City 6,0,Country 6,2024-02-05 16:00:00,0
72.07,45,67736.53,213.39,Ad Topic 857,City 7,0,Country 7,2024-02-05 17:00:00,0
56.72,34,50590.5,216.55,Ad Topic 858,City 8,0,Country 8,2024-02-05 18:00:00,1
74.49,48,53926.01,118.17,Ad Topic 859,City 9,1,Country 9,2024-02-05 19:00:00,0
68.04,25,32231.89,243.59,Ad Topic 860,City 10,1,Country 0,2024-02-05 20:00:00,0
42.26,57,49644.56,202.96,Ad Topic 861,City 11,1,Country 1,2024-02-05 21:00:00,1
88.21,42,68355.75,235.98,Ad Topic 862,City 12,1,Country 2,2024-02-05 22:00:00,1
91.94,26,63628.08,126.31,Ad Topic 863,City 13,0,Country 3,2024-02-05 23:00:00,1
55.81,19,62509.99,125.37,Ad Topic 864,City 14,1,Country 4,2024-02-06 00:00:00,0
59.18,32,55746.61,174.04,Ad Topic 865,City 15,0,Country 5,2024-02-06 01:00:00,1
69.29,67,55105.95,200.11,Ad Topic 866,City 16,1,Country 6,2024-02-06 02:00:00,0
70.02,20,45095.18,251.85,Ad Topic 867,City 17,0,Country 7,2024-02-06 03:00:00,1
74.88,66,65482.43,208.24,Ad Topic 868,City 18,0,Country 8,2024-02-06 04:00:00,0
95.15,53,61314.59,170.29,Ad Topic 869,City 19,1,Country 9,2024-02-06 05:00:00,1
62.35,21,62380.28,138.95,Ad Topic 870,City 20,1,Country 0,2024-02-06 06:00:00,0
53.03,31,47109.48,229.2,Ad Topic 871,City 21,0,Country 1,2024-02-06 07:00:00,1
44.31,58,22699.86,141.41,Ad Topic 872,City 22,1,Country 2,2024-02-06 08:00:00,0
54.04,58,71457.29,245.14,Ad Topic 873,City 23,1,Country 3,2024-02-06 09:00:00,0
64.5,42,47817.44,168.62,Ad Topic 874,City 24,0,Country 4,2024-02-06 10:00:00,0
91.92,67,42058.36,243.62,Ad Topic 875,City 25,0,Country 5,2024-02-06 11:00:00,0
57.24,27,65402.18,207.16,Ad Topic 876,City 26,0,Country 6,2024-02-06 12:00:00,0
68.36,38,49119.81,174.52,Ad Topic 877,City 27,0,Country 7,2024-02-06 13:00:00,0
64.75,53,70899.05,159.22,Ad Topic 878,City 28,1,Country 8,2024-02-06 14:00:00,0
82.83,29,64255.09,166.36,Ad Topic 879,City 29,0,Country 9,2024-02-06 15:00:00,0
102.9,44,65253.54,197.13,Ad Topic 880,City 30,0,Country 0,2024-02-06 16:00:00,1
57.04,57,34510.66,183.09,Ad Topic 881,City 31,0,Country 1,2024-02-06 17:00:00,0
57.66,19,73179.16,156.25,Ad Topic 882,City 32,1,Country 2,2024-02-06 18:00:00,0
80.66,30,58918.76,173.37,Ad Topic 883,City 33,0,Country 3,2024-02-06 19:00:00,1
75.23,49,49460.84,183.14,Ad Topic 884,City 34,1,Country 4,2024-02-06 20:00:00,0
92.7,48,57150.83,94.85,Ad Topic 885,City 35,0,Country 5,2024-02-06 21:00:00,1
73.76,33,28356.47,198.33,Ad Topic 886,City 36,0,Country 6,2024-02-06 22:00:00,0
59.61,49,61129.79,140.81,Ad Topic 887,City 37,1,Country 7,2024-02-06 23:00:00,1
73.86,49,39559.43,133.87,Ad Topic 888,City 38,0,Country 8,2024-02-07 00:00:00,1
81.63,51,34709.95,112.51,Ad Topic 889,City 39,0,Country 9,2024-02-07 01:00:00,0
77.31,28,32164.61,108.24,Ad Topic 890,City 40,1,Country 0,2024-02-07 02:00:00,1
72.61,27,71690.33,125.78,Ad Topic 891,City 41,0,Country 1,2024-02-07 03:00:00,0
81.0,32,45561.05,151.64,Ad Topic 892,City 42,0,Country 2,2024-02-07 04:00:00,0
82.54,34,78005.92,258.13,Ad Topic 893,City 43,0,Country 3,2024-02-07 05:00:00,0
85.73,57,46962.98,158.96,Ad Topic 894,City 44,0,Country 4,2024-02-07 06:00:00,0
74.73,35,29389.63,187.11,Ad Topic 895,City 45,1,Country 5,2024-02-07 07:00:00,1
62.49,26,38252.13,196.02,Ad Topic 896,City 46,0,Country 6,2024-02-07 08:00:00,0
67.2,42,73537.17,185.24,Ad Topic 897,City 47,1,Country 7,2024-02-07 09:00:00,1
83.1,57,52661.53,176.9,Ad Topic 898,City 48,0,Country 8,2024-02-07 10:00:00,1
52.75,31,46775.69,132.19,Ad Topic 899,City 49,1,Country 9,2024-02-07 11:00:00,0
70.53,42,57400.27,238.04,Ad Topic 900,City 0,0,Country 0,2024-02-07 12:00:00,0
59.1,67,62526.74,252.29,Ad Topic 901,City 1,1,Country 1,2024-02-07 13:00:00,0
65.43,39,71760.98,112.69,Ad Topic 902,City 2,0,Country 2,2024-02-07 14:00:00,0
84.18,69,76727.49,139.04,Ad Topic 903,City 3,1,Country 3,2024-02-07 15:00:00,1
67.87,47,49603.47,168.81,Ad Topic 904,City 4,1,Country 4,2024-02-07 16:00:00,0
65.7,37,35109.28,141.42,Ad Topic 905,City 5,0,Country 5,2024-02-07 17:00:00,1
44.6,38,48798.02,200.24,Ad Topic 906,City 6,1,Country 6,2024-02-07 18:00:00,0
76.19,61,58904.21,150.87,Ad Topic 907,City 7,0,Country 7,2024-02-07 19:00:00,0
74.68,49,40543.62,266.6,Ad Topic 908,City 8,0,Country 8,2024-02-07 20:00:00,0
97.45,68,40642.74,227.62,Ad Topic 909,City 9,0,Country 9,2024-02-07 21:00:00,0
60.38,63,60156.82,188.5,Ad Topic 910,City 10,0,Country 0,2024-02-07 22:00:00,1
68.29,66,54270.21,221.08,Ad Topic 911,City 11,0,Country 1,2024-02-07 23:00:00,1
68.74,38,55491.95,224.24,Ad Topic 912,City 12,1,Country 2,2024-02-08 00:00:00,0
88.66,52,43622.57,157.44,Ad Topic 913,City 13,0,Country 3,2024-02-08 01:00:00,1
63.57,49,51543.99,147.35,Ad Topic 914,City 14,0,Country 4,2024-02-08 02:00:00,1
69.19,47,41136.5,183.13,Ad Topic 915,City 15,0,Country 5,2024-02-08 03:00:00,0
74.12,56,68352.98,214.47,Ad Topic 916,City 16,0,Country 6,2024-02-08 04:00:00,0
67.8,66,70528.74,185.56,Ad Topic 917,City 17,0,Country 7,2024-02-08 05:00:00,1
58.3,29,27307.18,116.92,Ad Topic 918,City 18,0,Country 8,2024-02-08 06:00:00,1
67.91,58,41057.34,147.89,Ad Topic 919,City 19,1,Country 9,2024-02-08 07:00:00,1
81.1,64,32552.06,177.04,Ad Topic 920,City 20,1,Country 0,2024-02-08 08:00:00,1
49.6,35,45249.64,176.97,Ad Topic 921,City 21,0,Country 1,2024-02-08 09:00:00,0
66.99,38,53748.43,258.9,Ad Topic 922,City 22,1,Country 2,2024-02-08 10:00:00,0
54.5,30,33255.32,124.56,Ad Topic 923,City 23,0,Country 3,2024-02-08 11:00:00,1
82.93,38,41172.1,200.22,Ad Topic 924,City 24,0,Country 4,2024-02-08 12:00:00,0
42.15,25,39940.64,239.56,Ad Topic 925,City 25,0,Country 5,2024-02-08 13:00:00,1
56.62,63,58109.01,270.86,Ad Topic 926,City 26,0,Country 6,2024-02-08 14:00:00,1
70.66,57,56040.17,163.82,Ad Topic 927,City 27,0,Country 7,2024-02-08 15:00:00,0
88.48,63,44173.94,199.66,Ad Topic 928,City 28,1,Country 8,2024-02-08 16:00:00,1
64.01,24,57652.31,202.79,Ad Topic 929,City 29,1,Country 9,2024-02-08 17:00:00,1
56.67,40,46799.8,187.82,Ad Topic 930,City 30,1,Country 0,2024-02-08 18:00:00,0
93.22,61,50925.17,176.05,Ad Topic 931,City 31,1,Country 1,2024-02-08 19:00:00,0
43.28,49,80101.78,197.44,Ad Topic 932,City 32,0,Country 2,2024-02-08 20:00:00,1
32.02,28,75106.92,78.71,Ad Topic 933,City 33,1,Country 3,2024-02-08 21:00:00,1
71.6,39,35506.28,207.28,Ad Topic 934,City 34,0,Country 4,2024-02-08 22:00:00,0
57.47,39,67445.99,185.05,Ad Topic 935,City 35,1,Country 5,2024-02-08 23:00:00,1
49.68,60,67170.95,171.1,Ad Topic 936,City 36,1,Country 6,2024-02-09 00:00:00,1
75.63,42,37776.05,261.87,Ad Topic 937,City 37,1,Country 7,2024-02-09 01:00:00,0
68.66,39,67281.66,153.0,Ad Topic 938,City 38,1,Country 8,2024-02-09 02:00:00,0
56.54,45,78068.98,163.88,Ad Topic 939,City 39,0,Country 9,2024-02-09 03:00:00,0
45.8,46,38161.83,259.66,Ad Topic 940,City 40,1,Country 0,2024-02-09 04:00:00,0
78.09,30,41237.46,146.72,Ad Topic 941,City 41,1,Country 1,2024-02-09 05:00:00,0
74.75,35,70264.92,158.0,Ad Topic 942,City 42,0,Country 2,2024-02-09 06:00:00,0
63.51,19,59072.43,174.12,Ad Topic 943,City 43,0,Country 3,2024-02-09 07:00:00,1
92.7,46,63272.14,213.63,Ad Topic 944,City 44,1,Country 4,2024-02-09 08:00:00,1
48.95,38,60108.84,188.31,Ad Topic 945,City 45,0,Country 5,2024-02-09 09:00:00,0
42.12,32,60860.44,128.29,Ad Topic 946,City 46,0,Country 6,2024-02-09 10:00:00,0
54.62,69,35102.92,158.71,Ad Topic 947,City 47,0,Country 7,2024-02-09 11:00:00,1
64.32,44,70709.77,155.71,Ad Topic 948,City 48,1,Country 8,2024-02-09 12:00:00,1
68.65,67,72543.85,176.91,Ad Topic 949,City 49,0,Country 9,2024-02-09 13:00:00,1
61.38,48,51559.14,197.03,Ad Topic 950,City 0,1,Country 0,2024-02-09 14:00:00,0
70.28,32,54347.85,196.73,Ad Topic 951,City 1,1,Country 1,2024-02-09 15:00:00,0
46.23,68,32033.39,108.96,Ad Topic 952,City 2,1,Country 2,2024-02-09 16:00:00,1
86.66,40,62713.82,222.56,Ad Topic 953,City 3,1,Country 3,2024-02-09 17:00:00,0
63.77,41,63580.86,190.1,Ad Topic 954,City 4,0,Country 4,2024-02-09 18:00:00,0
81.76,61,54067.13,235.38,Ad Topic 955,City 5,1,Country 5,2024-02-09 19:00:00,0
70.14,30,71865.3,197.77,Ad Topic 956,City 6,0,Country 6,2024-02-09 20:00:00,1
71.85,39,49988.84,224.05,Ad Topic 957,City 7,1,Country 7,2024-02-09 21:00:00,1
73.55,60,63469.09,198.66,Ad Topic 958,City 8,0,Country 8,2024-02-09 22:00:00,0
71.72,54,39705.03,233.85,Ad Topic 959,City 9,1,Country 9,2024-02-09 23:00:00,0
74.64,50,54646.72,200.89,Ad Topic 960,City 10,0,Country 0,2024-02-10 00:00:00,0
84.94,20,52384.69,176.08,Ad Topic 961,City 11,1,Country 1,2024-02-10 01:00:00,0
67.95,36,58379.62,270.9,Ad Topic 962,City 12,1,Country 2,2024-02-10 02:00:00,0
75.64,40,49457.1,215.56,Ad Topic 963,City 13,0,Country 3,2024-02-10 03:00:00,1
63.65,46,53027.91,202.95,Ad Topic 964,City 14,1,Country 4,2024-02-10 04:00:00,0
86.6,47,67390.71,128.95,Ad Topic 965,City 15,1,Country 5,2024-02-10 05:00:00,0
54.85,56,48448.54,128.47,Ad Topic 966,City 16,1,Country 6,2024-02-10 06:00:00,0
92.01,61,30901.34,191.71,Ad Topic 967,City 17,0,Country 7,2024-02-10 07:00:00,1
64.4,64,81243.76,185.82,Ad Topic 968,City 18,1,Country 8,2024-02-10 08:00:00,1
43.54,42,75721.81,155.44,Ad Topic 969,City 19,1,Country 9,2024-02-10 09:00:00,0
66.92,54,35616.06,185.64,Ad Topic 970,City 20,0,Country 0,2024-02-10 10:00:00,1
54.78,64,65345.62,243.55,Ad Topic 971,City 21,0,Country 1,2024-02-10 11:00:00,1
77.61,25,47455.38,207.82,Ad Topic 972,City 22,0,Country 2,2024-02-10 12:00:00,1
55.21,59,58952.31,134.36,Ad Topic 973,City 23,0,Country 3,2024-02-10 13:00:00,1
58.31,33,59413.36,175.54,Ad Topic 974,City 24,0,Country 4,2024-02-10 14:00:00,1
36.66,25,51483.88,147.8,Ad Topic 975,City 25,1,Country 5,2024-02-10 15:00:00,1
58.22,18,43243.52,164.49,Ad Topic 976,City 26,1,Country 6,2024-02-10 16:00:00,0
28.64,61,44641.88,163.46,Ad Topic 977,City 27,1,Country 7,2024-02-10 17:00:00,1
41.24,22,41257.12,160.89,Ad Topic 978,City 28,0,Country 8,2024-02-10 18:00:00,1
76.41,20,42522.67,129.79,Ad Topic 979,City 29,1,Country 9,2024-02-10 19:00:00,0
76.79,18,53992.33,174.89,Ad Topic 980,City 30,0,Country 0,2024-02-10 20:00:00,0
71.38,21,44263.6,157.58,Ad Topic 981,City 31,0,Country 1,2024-02-10 21:00:00,0
50.5,57,65230.78,62.82,Ad Topic 982,City 32,1,Country 2,2024-02-10 22:00:00,0
64.28,52,77308.69,262.12,Ad Topic 983,City 33,0,Country 3,2024-02-10 23:00:00,1
64.95,49,46299.2,223.55,Ad Topic 984,City 34,0,Country 4,2024-02-11 00:00:00,1
47.62,59,58591.07,164.95,Ad Topic 985,City 35,1,Country 5,2024-02-11 01:00:00,1
87.55,51,62495.28,180.75,Ad Topic 986,City 36,0,Country 6,2024-02-11 02:00:00,1
78.16,60,62080.03,133.13,Ad Topic 987,City 37,0,Country 7,2024-02-11 03:00:00,0
61.69,42,56139.33,247.83,Ad Topic 988,City 38,1,Country 8,2024-02-11 04:00:00,1
65.4,27,66140.24,255.89,Ad Topic 989,City 39,0,Country 9,2024-02-11 05:00:00,1
68.13,38,62233.73,186.27,Ad Topic 990,City 40,0,Country 0,2024-02-11 06:00:00,0
34.37,63,36435.06,220.94,Ad Topic 991,City 41,1,Country 1,2024-02-11 07:00:00,1
61.29,56,68037.34,187.01,Ad Topic 992,City 42,1,Country 2,2024-02-11 08:00:00,1
54.77,44,68309.36,126.53,Ad Topic 993,City 43,1,Country 3,2024-02-11 09:00:00,1
49.98,44,43550.71,163.53,Ad Topic 994,City 44,1,Country 4,2024-02-11 10:00:00,1
60.78,19,55569.07,185.28,Ad Topic 995,City 45,0,Country 5,2024-02-11 11:00:00,0
91.97,58,65249.93,161.82,Ad Topic 996,City 46,0,Country 6,2024-02-11 12:00:00,0
74.61,65,51860.29,171.25,Ad Topic 997,City 47,1,Country 7,2024-02-11 13:00:00,0
56.43,30,71094.67,176.34,Ad Topic 998,City 48,0,Country 8,2024-02-11 14:00:00,0
73.59,26,90458.09,176.76,Ad Topic 999,City 49,0,Country 9,2024-02-11 15:00:00,0
